Timestamp,User Count,Type,Name,Requests/s,Failures/s,50%,66%,75%,80%,90%,95%,98%,99%,99.9%,99.99%,100%,Total Request Count,Total Failure Count,Total Median Response Time,Total Average Response Time,Total Min Response Time,Total Max Response Time,Total Average Content Size
1781711188,0,,Aggregated,0.000000,0.000000,N/A,N/A,N/A,N/A,N/A,N/A,N/A,N/A,N/A,N/A,N/A,0,0,0,0.0,0,0,0
1781711189,10,,Aggregated,0.000000,0.000000,130,590,630,630,630,650,650,650,650,650,650,11,0,130.0,311.597880908845,47.17257099946437,649.5849729999463,1491.4545454545455
1781711190,20,,Aggregated,0.000000,0.000000,110,370,610,630,720,730,920,930,930,930,930,68,0,99,276.2432757794533,13.192029000492766,927.6245950004522,1002.1029411764706
1781711191,30,,Aggregated,5.000000,0.000000,63,160,400,530,650,730,920,930,980,980,980,123,0,63,220.39921963416447,10.85428199985472,979.0917120008089,905.3089430894308
1781711192,40,,Aggregated,29.000000,0.000000,52,110,280,400,630,720,920,980,2100,2100,2100,166,0,51,197.41313566865722,10.676506999516278,2100.237497999842,970.1807228915662
1781711193,50,,Aggregated,40.333333,0.000000,55,160,370,500,650,730,980,2100,2100,2100,2100,213,0,55,234.30754539911615,10.676506999516278,2132.035733000521,962.4319248826291
1781711194,60,,Aggregated,39.500000,0.000000,72,200,400,520,650,870,2000,2100,2300,2300,2300,295,0,72,260.8449356271456,10.676506999516278,2337.837199000205,934.6779661016949
1781711195,70,,Aggregated,39.000000,0.000000,79,230,380,450,630,770,1700,2100,2300,2300,2300,378,0,78,250.1390726402384,10.676506999516278,2337.837199000205,1017.489417989418
1781711196,80,,Aggregated,46.833333,0.000000,91,260,390,450,630,780,2000,2100,2600,2600,2600,454,0,91,262.89573927756805,10.676506999516278,2575.415896000777,1055.9008810572686
1781711197,90,,Aggregated,48.857143,0.000000,92,250,380,440,620,730,1700,2100,2600,2600,2600,555,0,92,251.96209152614603,10.676506999516278,2575.415896000777,1078.4702702702702
1781711198,100,,Aggregated,54.000000,0.000000,91,240,380,450,610,730,2000,2100,2600,2600,2600,641,0,91,250.80330716538234,10.676506999516278,2575.415896000777,1105.99375975039
1781711199,100,,Aggregated,58.111111,0.000000,69,200,350,430,620,770,2000,2100,2600,2600,2600,729,0,69,242.8839896186704,9.885662999295164,2575.415896000777,1159.278463648834
1781711200,100,,Aggregated,59.800000,0.000000,59,160,300,400,610,780,1700,2100,2600,2600,2600,814,0,59,228.99828344965343,9.885662999295164,2575.415896000777,1189.103194103194
1781711201,100,,Aggregated,69.400000,0.000000,54,140,300,400,630,980,2000,2100,2600,2600,2600,880,0,54,240.23315752387788,9.885662999295164,2575.415896000777,1235.0829545454546
1781711202,100,,Aggregated,72.900000,0.000000,50,130,300,410,640,1200,2000,2100,2600,2600,2600,941,0,50,246.05410017961444,9.670383000411675,2575.415896000777,1241.7332624867163
1781711203,100,,Aggregated,73.300000,0.000000,48,120,300,420,700,1600,2000,2100,2600,2600,2600,1024,0,48,265.1328314140709,9.04717299999902,2575.415896000777,1263.0859375
1781711204,100,,Aggregated,75.600000,0.000000,44,110,280,400,680,1600,2000,2100,2600,3300,3300,1094,0,43,256.7240225091509,9.04717299999902,3295.867080998505,1289.6234003656307
1781711205,100,,Aggregated,78.500000,0.000000,42,99,260,400,700,1700,2000,2100,2600,3300,3300,1187,0,42,261.3494701609252,9.04717299999902,3295.867080998505,1285.8129738837406
1781711206,100,,Aggregated,78.800000,0.000000,38,81,220,370,650,1700,2000,2100,2600,3300,3300,1276,0,38,244.8973348957724,9.04717299999902,3295.867080998505,1299.6316614420064
1781711207,100,,Aggregated,82.300000,0.000000,36,71,190,330,650,1700,2000,2100,2600,3300,3300,1357,0,36,239.90053578850356,9.04717299999902,3295.867080998505,1308.9292557111276
1781711208,100,,Aggregated,80.900000,0.000000,36,71,200,360,690,1700,2000,2100,2600,3300,3300,1428,0,36,244.222344397055,9.04717299999902,3295.867080998505,1318.252801120448
1781711209,100,,Aggregated,81.100000,0.000000,34,67,180,350,680,1600,2000,2100,2600,3300,3300,1518,0,34,240.09775638800048,9.04717299999902,3295.867080998505,1325.4795783926218
1781711210,100,,Aggregated,79.900000,0.000000,33,59,130,290,640,1500,2000,2100,2600,3300,3300,1625,0,33,227.89652712675814,9.04717299999902,3295.867080998505,1316.4516923076924
1781711211,100,,Aggregated,78.700000,0.000000,32,56,120,260,630,1400,2000,2100,2600,3300,3300,1699,0,32,220.24815158444662,9.04717299999902,3295.867080998505,1332.6957033549147
1781711212,100,,Aggregated,78.100000,0.000000,31,53,110,240,610,1400,2000,2100,2600,3300,3300,1771,0,31,214.66219967079695,9.04717299999902,3295.867080998505,1338.4692264257483
1781711213,100,,Aggregated,80.400000,0.000000,31,52,100,230,630,1600,2000,2100,2600,3300,3300,1870,0,31,219.5090825454437,9.04717299999902,3295.867080998505,1353.416577540107
1781711214,100,,Aggregated,81.600000,0.000000,31,51,91,200,600,1500,2000,2100,2600,3300,3300,1954,0,31,211.6455755747026,9.04717299999902,3295.867080998505,1359.4401228249744
1781711215,100,,Aggregated,84.700000,0.000000,31,49,83,160,590,1300,2000,2100,2600,3300,3300,2061,0,31,202.5564687069249,9.04717299999902,3295.867080998505,1357.9471130519166
1781711216,100,,Aggregated,84.300000,0.000000,30,48,78,130,570,1300,2000,2100,2600,3300,3300,2130,0,30,196.75731077322894,9.04717299999902,3295.867080998505,1369.8652582159625
1781711217,100,,Aggregated,84.200000,0.000000,30,46,72,120,560,1300,2000,2100,2600,3300,3300,2218,0,30,189.92469742785198,9.04717299999902,3295.867080998505,1371.002254283138
1781711218,100,,Aggregated,84.700000,0.000000,30,46,71,120,530,1200,2000,2100,2600,3300,3300,2320,0,30,183.85728602111055,9.04717299999902,3295.867080998505,1372.784051724138
1781711219,100,,Aggregated,84.400000,0.000000,29,44,67,110,520,1200,2000,2100,2600,3300,3300,2411,0,29,177.6236355897932,9.04717299999902,3295.867080998505,1372.5545416839486
1781711220,100,,Aggregated,87.700000,0.000000,29,44,64,97,500,1000,2000,2100,2600,3300,3300,2510,0,29,171.9523520071653,9.04717299999902,3295.867080998505,1378.3091633466136
1781711221,100,,Aggregated,87.000000,0.000000,29,43,60,91,490,950,2000,2100,2600,3300,3300,2601,0,29,166.84853966896188,9.04717299999902,3295.867080998505,1378.8638985005766
1781711222,100,,Aggregated,89.400000,0.000000,28,42,58,83,460,920,2000,2100,2600,3300,3300,2692,0,28,162.12688497918526,9.04717299999902,3295.867080998505,1382.7202823179791
1781711223,100,,Aggregated,88.800000,0.000000,28,41,56,78,440,860,2000,2100,2600,3300,3300,2790,0,28,157.24222606522142,9.04717299999902,3295.867080998505,1381.71541218638
1781711224,100,,Aggregated,91.500000,0.000000,27,40,54,73,420,800,2000,2100,2600,3300,3300,2880,0,27,152.97675565554613,9.04717299999902,3295.867080998505,1387.6246527777778
1781711225,100,,Aggregated,90.800000,0.000000,27,39,52,69,400,770,2000,2100,2600,3300,3300,2980,0,27,148.6218764140861,9.04717299999902,3295.867080998505,1382.4842281879194
1781711226,100,,Aggregated,90.800000,0.000000,27,39,51,67,380,740,1900,2100,2300,3300,3300,3072,0,27,144.9469763343033,9.04717299999902,3295.867080998505,1386.0032552083333
1781711227,100,,Aggregated,90.300000,0.000000,26,38,50,65,370,730,1900,2100,2300,3300,3300,3155,0,26,141.8036142858904,9.04717299999902,3295.867080998505,1387.0294770206021
1781711228,100,,Aggregated,92.700000,0.000000,26,38,49,62,340,720,1900,2100,2300,3300,3300,3255,0,26,138.31236380921274,9.04717299999902,3295.867080998505,1383.1883256528417
1781711229,100,,Aggregated,92.500000,0.000000,26,37,48,60,310,700,1900,2100,2300,3300,3300,3346,0,26,135.14995791511706,9.04717299999902,3295.867080998505,1385.6398684997012
1781711230,100,,Aggregated,91.500000,0.000000,26,37,47,59,290,680,1800,2100,2300,3300,3300,3431,0,26,132.41683695860473,9.04717299999902,3295.867080998505,1390.3351792480325
1781711231,100,,Aggregated,93.500000,0.000000,26,36,47,57,280,650,1800,2100,2300,3300,3300,3526,0,26,129.494920683485,9.04717299999902,3295.867080998505,1388.5337492909812
1781711232,100,,Aggregated,91.500000,0.000000,26,36,46,56,260,650,1800,2000,2300,3300,3300,3611,0,26,127.19492641538983,9.04717299999902,3295.867080998505,1387.703129327056
1781711233,100,,Aggregated,91.700000,0.000000,26,36,46,56,240,630,1800,2000,2300,3300,3300,3714,0,26,124.71498225524621,9.04717299999902,3295.867080998505,1388.1515885837373
1781711234,100,,Aggregated,90.900000,0.000000,26,36,46,55,220,620,1800,2000,2300,3300,3300,3799,0,26,122.53717734534898,9.04717299999902,3295.867080998505,1385.0047380889707
1781711235,100,,Aggregated,90.300000,0.000000,26,36,45,54,200,610,1800,2000,2300,3300,3300,3891,0,26,120.2127980562795,9.04717299999902,3295.867080998505,1388.9966589565665
1781711236,100,,Aggregated,91.900000,0.000000,25,36,45,53,190,590,1800,2000,2300,3300,3300,3987,0,25,117.89703600601604,9.04717299999902,3295.867080998505,1392.7261098570355
1781711237,100,,Aggregated,91.500000,0.000000,26,36,45,54,170,590,1800,2000,2300,3300,3300,4084,0,26,116.2068204233541,9.04717299999902,3295.867080998505,1384.1287952987268
1781711238,100,,Aggregated,89.800000,0.000000,26,36,46,54,160,580,1700,2000,2300,3300,3300,4163,0,26,114.74551201152516,9.04717299999902,3295.867080998505,1389.1153014652893
1781711239,100,,Aggregated,90.300000,0.000000,26,36,45,54,150,570,1700,2000,2300,3300,3300,4259,0,26,112.72776629513537,9.04717299999902,3295.867080998505,1385.8055881662362
1781711240,100,,Aggregated,91.300000,0.000000,26,36,45,53,140,570,1700,2000,2300,3300,3300,4345,0,26,111.02420706812185,9.04717299999902,3295.867080998505,1387.9357882623706
1781711241,100,,Aggregated,89.500000,0.000000,26,35,45,53,130,550,1700,2000,2300,3300,3300,4454,0,26,108.99059689784114,9.04717299999902,3295.867080998505,1382.6641221374045
1781711242,100,,Aggregated,90.200000,0.000000,25,35,44,52,120,550,1700,2000,2300,3300,3300,4534,0,25,107.52497717908714,9.04717299999902,3295.867080998505,1385.0981473312747
1781711243,100,,Aggregated,89.400000,0.000000,25,35,44,51,120,530,1600,2000,2300,3300,3300,4642,0,25,105.66037004372657,9.04717299999902,3295.867080998505,1386.0525635501938
1781711244,100,,Aggregated,90.600000,0.000000,25,35,43,51,120,530,1600,2000,2300,3300,3300,4732,0,25,104.20722077894736,9.04717299999902,3295.867080998505,1388.692941673711
1781711245,100,,Aggregated,90.600000,0.000000,25,35,43,51,110,520,1500,2000,2300,3300,3300,4831,0,25,102.55541855640227,9.04717299999902,3295.867080998505,1392.490995653074
1781711246,100,,Aggregated,90.700000,0.000000,25,35,43,50,110,500,1500,2000,2300,3300,3300,4920,0,25,101.24261253963166,9.04717299999902,3295.867080998505,1393.5085365853658
1781711247,100,,Aggregated,91.600000,0.000000,26,35,43,51,100,500,1400,2000,2200,3300,3300,5015,0,26,100.18895490607889,9.04717299999902,3295.867080998505,1394.7326021934198
1781711248,100,,Aggregated,92.200000,0.000000,26,35,43,50,100,490,1400,2000,2200,3300,3300,5096,0,26,99.08660711773767,9.04717299999902,3295.867080998505,1393.0602433281006
1781711250,100,,Aggregated,91.700000,0.000000,26,35,43,50,100,490,1300,2000,2200,3300,3300,5186,0,26,97.95610924411785,9.04717299999902,3295.867080998505,1395.3389895873506
1781711251,100,,Aggregated,91.000000,0.000000,25,35,43,50,97,480,1300,2000,2200,3300,3300,5283,0,25,96.56762364546213,9.04717299999902,3295.867080998505,1399.6662880938861
1781711252,100,,Aggregated,90.700000,0.000000,25,35,43,49,93,470,1300,2000,2200,3300,3300,5373,0,25,95.34650380755042,9.04717299999902,3295.867080998505,1398.288851665736
1781711253,100,,Aggregated,92.200000,0.000000,25,34,43,49,92,450,1300,2000,2200,3300,3300,5468,0,25,94.19084329315326,9.04717299999902,3295.867080998505,1401.2867593269934
1781711254,100,,Aggregated,91.000000,0.000000,25,34,42,49,91,440,1300,2000,2200,3300,3300,5548,0,25,93.12029580028184,9.04717299999902,3295.867080998505,1405.7171953857246
1781711255,100,,Aggregated,92.200000,0.000000,25,34,42,49,91,430,1300,2000,2200,3300,3300,5643,0,25,92.14893650876506,9.04717299999902,3295.867080998505,1402.8972177919547
1781711256,100,,Aggregated,90.000000,0.000000,25,34,42,49,89,420,1200,2000,2200,3300,3300,5732,0,25,91.22027181279891,9.04717299999902,3295.867080998505,1404.4499302163294
1781711257,100,,Aggregated,89.900000,0.000000,25,34,42,49,87,410,1200,2000,2200,3300,3300,5835,0,25,90.16814611756016,9.04717299999902,3295.867080998505,1404.2293059125964
1781711258,100,,Aggregated,89.200000,0.000000,25,34,42,49,86,400,1200,2000,2200,3300,3300,5918,0,25,89.48577820648198,9.04717299999902,3295.867080998505,1403.1703278134505
1781711259,100,,Aggregated,89.900000,0.000000,25,34,42,49,84,390,1200,2000,2200,3300,3300,6012,0,25,88.42971327461072,9.04717299999902,3295.867080998505,1405.8987025948104
1781711260,100,,Aggregated,88.900000,0.000000,25,34,42,48,82,390,1100,1900,2200,3300,3300,6110,0,25,87.43234487233573,9.04717299999902,3295.867080998505,1406.779541734861
1781711261,100,,Aggregated,90.500000,0.000000,25,34,42,48,81,370,1100,1900,2200,3300,3300,6204,0,25,86.55983742891422,9.04717299999902,3295.867080998505,1404.9153771760155
1781711262,100,,Aggregated,90.800000,0.000000,25,34,42,48,80,370,1000,1900,2200,3300,3300,6292,0,25,85.71730698457813,9.04717299999902,3295.867080998505,1406.486013986014
1781711263,100,,Aggregated,92.000000,0.000000,25,34,42,48,79,360,980,1900,2200,3300,3300,6385,0,25,84.91252805653305,9.04717299999902,3295.867080998505,1405.2815974941268
1781711264,100,,Aggregated,90.700000,0.000000,25,33,41,48,78,350,950,1900,2200,3300,3300,6473,0,25,84.05393969920594,9.04717299999902,3295.867080998505,1406.5672794685618
1781711265,100,,Aggregated,91.000000,0.000000,25,34,42,48,77,330,940,1900,2200,3300,3300,6566,0,25,83.41563951446132,9.04717299999902,3295.867080998505,1403.9905574169966
1781711266,100,,Aggregated,90.900000,0.000000,25,34,42,49,79,310,930,1900,2200,3300,3300,6664,0,25,83.15694172088108,9.04717299999902,3295.867080998505,1404.8665966386554
1781711267,100,,Aggregated,91.700000,0.000000,25,34,42,49,79,310,920,1900,2200,3300,3300,6747,0,25,82.57513393507588,9.04717299999902,3295.867080998505,1407.5767007558916
1781711268,100,,Aggregated,92.400000,0.000000,25,35,43,49,82,300,880,1800,2200,3300,3300,6818,0,25,82.84278470826793,9.04717299999902,3295.867080998505,1412.3946905250807
1781711269,100,,Aggregated,90.700000,0.000000,26,35,43,50,86,300,870,1800,2200,3300,3300,6930,0,26,82.79281662871124,9.04717299999902,3295.867080998505,1414.7080808080807
1781711270,100,,Aggregated,89.000000,0.000000,26,35,43,50,84,290,840,1800,2100,3300,3300,7004,0,26,82.18711107709342,9.04717299999902,3295.867080998505,1419.4254711593376
1781711271,100,,Aggregated,89.900000,0.000000,26,35,43,51,84,280,830,1800,2100,3300,3300,7098,0,26,81.70364079064034,9.04717299999902,3295.867080998505,1417.9974640743872
1781711272,100,,Aggregated,89.400000,0.000000,26,35,43,51,83,280,800,1800,2100,3300,3300,7193,0,26,81.18192811288199,9.04717299999902,3295.867080998505,1415.0963436674544
1781711273,100,,Aggregated,87.300000,0.000000,26,35,43,51,83,270,780,1800,2100,3300,3300,7282,0,26,80.61008455547388,9.04717299999902,3295.867080998505,1414.5407854984894
1781711274,100,,Aggregated,88.800000,0.000000,26,36,44,51,88,270,770,1800,2100,3300,3300,7377,0,26,80.93041708471588,9.04717299999902,3295.867080998505,1415.3761691744612
1781711275,100,,Aggregated,87.400000,0.000000,26,36,44,51,87,260,770,1800,2100,3300,3300,7468,0,26,80.30917313831613,9.04717299999902,3295.867080998505,1414.8164167113016
1781711276,100,,Aggregated,87.100000,0.000000,26,36,44,51,86,260,760,1800,2100,3300,3300,7540,0,26,79.76194289110565,9.04717299999902,3295.867080998505,1414.4136604774535
1781711277,100,,Aggregated,86.200000,0.000000,26,36,44,51,84,250,750,1800,2100,3300,3300,7640,0,26,79.05838235261021,9.04717299999902,3295.867080998505,1414.0123036649215
1781711278,100,,Aggregated,86.000000,0.000000,26,36,44,51,86,240,730,1800,2100,3300,3300,7721,0,26,78.92030694002709,9.04717299999902,3295.867080998505,1413.8485947416139
1781711279,100,,Aggregated,86.600000,0.000000,26,36,44,51,86,240,730,1800,2100,3300,3300,7815,0,26,78.49867643812642,9.04717299999902,3295.867080998505,1413.9349968010238
1781711280,100,,Aggregated,87.100000,0.000000,26,36,44,51,86,230,730,1800,2100,3300,3300,7917,0,26,77.9733277516709,9.04717299999902,3295.867080998505,1415.6204370342302
1781711281,100,,Aggregated,87.000000,0.000000,26,36,45,51,86,230,730,1800,2100,3300,3300,7987,0,26,77.65655601426933,9.04717299999902,3295.867080998505,1418.8038061850507
1781711282,100,,Aggregated,87.200000,0.000000,27,36,45,52,86,220,730,1800,2100,3300,3300,8090,0,27,77.37326370728843,9.04717299999902,3295.867080998505,1417.6091470951792
1781711283,100,,Aggregated,87.600000,0.000000,27,36,45,52,85,220,720,1800,2100,3300,3300,8172,0,27,76.87249401663821,9.04717299999902,3295.867080998505,1416.623225648556
1781711284,100,,Aggregated,87.400000,0.000000,27,36,45,52,85,210,720,1800,2200,3300,3300,8267,0,27,77.08639006301667,9.04717299999902,3295.867080998505,1416.4138139591146
1781711285,100,,Aggregated,87.700000,0.000000,27,36,45,52,84,210,710,1800,2200,3300,3300,8357,0,27,76.55912327066687,9.04717299999902,3295.867080998505,1415.6866100275217
1781711286,100,,Aggregated,89.000000,0.000000,26,36,45,52,84,200,710,1700,2200,3300,3300,8444,0,26,76.09341885871224,9.04717299999902,3295.867080998505,1417.8923495973472
1781711287,100,,Aggregated,87.500000,0.000000,26,36,45,51,83,200,700,1700,2200,3300,3300,8536,0,26,75.56332468943043,9.04717299999902,3295.867080998505,1417.0711105904404
1781711288,100,,Aggregated,86.400000,0.000000,26,36,45,51,82,200,690,1700,2200,3300,3300,8636,0,26,75.09091356530578,9.04717299999902,3295.867080998505,1419.301065308013
1781711289,100,,Aggregated,88.500000,0.000000,26,36,44,51,82,190,680,1700,2200,3300,3300,8723,0,26,74.58613138163358,9.04717299999902,3295.867080998505,1419.8043104436547
1781711290,100,,Aggregated,90.400000,0.000000,26,36,45,51,83,190,670,1700,2200,3300,3300,8808,0,26,74.48920313760034,9.04717299999902,3295.867080998505,1418.1698455949138
1781711291,100,,Aggregated,89.100000,0.000000,26,36,44,51,82,190,670,1700,2200,3300,3300,8918,0,26,74.24108265261079,9.04717299999902,3295.867080998505,1416.709239739852
1781711292,100,,Aggregated,87.900000,0.000000,26,36,44,51,82,180,650,1700,2200,3300,3300,8995,0,26,73.7885920040001,9.04717299999902,3295.867080998505,1417.3713173985548
1781711293,100,,Aggregated,89.400000,0.000000,26,36,44,51,81,180,650,1700,2200,3300,3300,9095,0,26,73.24135864233003,9.04717299999902,3295.867080998505,1416.6275975810886
1781711294,100,,Aggregated,89.600000,0.000000,26,36,44,51,81,180,650,1700,2200,3300,3300,9182,0,26,72.87326783053747,9.04717299999902,3295.867080998505,1416.103354389022
1781711295,100,,Aggregated,89.100000,0.000000,26,36,44,51,80,180,640,1700,2200,3300,3300,9282,0,26,72.5110576118282,9.04717299999902,3295.867080998505,1414.0098039215686
1781711296,100,,Aggregated,89.600000,0.000000,26,36,44,51,80,170,630,1700,2200,3300,3300,9375,0,26,72.01436050005152,9.04717299999902,3295.867080998505,1413.7010133333333
1781711297,100,,Aggregated,90.400000,0.000000,26,35,43,50,79,170,630,1600,2200,3300,3300,9456,0,26,71.56632637404508,9.04717299999902,3295.867080998505,1416.2302241962775
1781711298,100,,Aggregated,92.500000,0.000000,26,35,43,50,79,160,630,1600,2200,3300,3300,9570,0,26,71.08004491462694,9.04717299999902,3295.867080998505,1414.9508881922675
1781711299,100,,Aggregated,91.400000,0.000000,26,35,43,50,79,160,620,1600,2200,3300,3300,9651,0,26,70.64702370210132,9.04717299999902,3295.867080998505,1418.7397160915966
1781711300,100,,Aggregated,89.600000,0.000000,26,35,43,49,78,160,610,1600,2200,3300,3300,9754,0,26,70.22091847149728,9.04717299999902,3295.867080998505,1417.6519376665983
1781711301,100,,Aggregated,92.700000,0.000000,26,35,43,49,78,160,610,1600,2200,3300,3300,9838,0,26,69.80589501382222,9.04717299999902,3295.867080998505,1418.333299451108
1781711302,100,,Aggregated,91.700000,0.000000,26,35,43,49,77,150,610,1500,2200,3300,3300,9919,0,26,69.44541879725685,9.04717299999902,3295.867080998505,1418.7803205968344
1781711303,100,,Aggregated,91.900000,0.000000,26,35,43,49,77,150,600,1500,2100,2900,3300,10024,0,26,69.00430720131494,9.04717299999902,3295.867080998505,1416.7420191540302
1781711304,100,,Aggregated,90.600000,0.000000,26,35,43,49,77,150,600,1500,2100,2900,3300,10102,0,26,68.72431686180771,9.04717299999902,3295.867080998505,1417.714412987527
1781711305,100,,Aggregated,90.900000,0.000000,26,35,43,49,76,150,590,1500,2100,2900,3300,10195,0,26,68.38716266748223,9.04717299999902,3295.867080998505,1416.1624325649827
1781711306,100,,Aggregated,91.500000,0.000000,26,35,43,49,76,150,590,1500,2100,2900,3300,10285,0,26,67.98176453718825,9.04717299999902,3295.867080998505,1414.4702965483714
1781711308,100,,Aggregated,91.200000,0.000000,26,35,43,49,76,150,590,1400,2100,2900,3300,10348,0,26,67.82777840055803,9.04717299999902,3295.867080998505,1414.016814843448
1781711309,100,,Aggregated,89.400000,0.000000,26,35,43,50,79,170,590,1400,2100,2900,3300,10452,0,26,68.8324458338067,9.04717299999902,3295.867080998505,1413.9444125526215
1781711310,100,,Aggregated,88.100000,0.000000,26,35,43,50,79,170,590,1400,2100,2900,3300,10540,0,26,68.52044098870513,9.04717299999902,3295.867080998505,1415.5666034155597
1781711311,100,,Aggregated,86.100000,0.000000,26,35,43,50,79,160,580,1300,2100,2900,3300,10637,0,26,68.2923355234508,9.04717299999902,3295.867080998505,1416.290119394566
1781711312,100,,Aggregated,87.800000,0.000000,26,35,43,50,79,160,580,1300,2100,2900,3300,10716,0,26,68.04696960535196,9.04717299999902,3295.867080998505,1416.068868980963
1781711313,100,,Aggregated,85.800000,0.000000,26,35,43,50,79,160,570,1300,2100,2900,3300,10817,0,26,67.65416458158015,9.04717299999902,3295.867080998505,1415.6193953961358
1781711314,100,,Aggregated,86.400000,0.000000,26,35,43,49,78,160,570,1300,2100,2900,3300,10907,0,26,67.2757580120976,9.04717299999902,3295.867080998505,1416.4910607866507
1781711315,100,,Aggregated,86.500000,0.000000,26,35,43,49,78,150,570,1300,2100,2900,3300,10995,0,26,66.88775142000492,9.04717299999902,3295.867080998505,1416.3507958162802
1781711316,100,,Aggregated,86.500000,0.000000,26,35,43,49,77,150,570,1300,2100,2900,3300,11090,0,26,66.52988032686699,9.04717299999902,3295.867080998505,1417.0524797114517
1781711317,100,,Aggregated,85.900000,0.000000,26,35,43,49,77,150,570,1300,2100,2900,3300,11185,0,26,66.22129421769773,9.04717299999902,3295.867080998505,1415.645775592311
1781711318,100,,Aggregated,87.400000,0.000000,26,35,43,49,76,150,560,1300,2100,2900,3300,11284,0,26,65.90552335341496,9.04717299999902,3295.867080998505,1416.279067706487
1781711319,100,,Aggregated,88.000000,0.000000,26,35,42,49,76,150,550,1300,2100,2900,3300,11379,0,26,65.5485804111039,9.04717299999902,3295.867080998505,1415.5539151067755
1781711320,100,,Aggregated,90.800000,0.000000,25,35,42,48,76,150,550,1300,2100,2900,3300,11461,0,25,65.24467290890398,9.04717299999902,3295.867080998505,1415.320652648111
1781711321,100,,Aggregated,90.300000,0.000000,25,34,42,48,75,140,550,1300,2100,2900,3300,11565,0,25,64.88105297881151,9.04717299999902,3295.867080998505,1415.9011673151751
1781711322,100,,Aggregated,90.300000,0.000000,25,34,42,48,75,140,540,1300,2100,2900,3300,11657,0,25,64.55238699785154,9.04717299999902,3295.867080998505,1416.6987217980613
1781711323,100,,Aggregated,92.600000,0.000000,25,34,42,48,74,140,530,1200,2100,2900,3300,11763,0,25,64.22495149808415,9.04717299999902,3295.867080998505,1415.2057298308255
1781711324,100,,Aggregated,93.300000,0.000000,25,34,42,48,74,140,530,1200,2100,2900,3300,11848,0,25,63.91681800869037,9.04717299999902,3295.867080998505,1415.1713369345036
1781711325,100,,Aggregated,94.300000,0.000000,25,34,42,48,74,140,530,1200,2100,2900,3300,11944,0,25,63.63153664835614,9.04717299999902,3295.867080998505,1414.0471366376423
1781711326,100,,Aggregated,93.600000,0.000000,25,34,42,48,74,140,530,1200,2100,2900,3300,12034,0,25,63.353297870116045,9.04717299999902,3295.867080998505,1413.686804055177
1781711327,100,,Aggregated,95.700000,0.000000,25,34,41,47,73,130,520,1200,2100,2900,3300,12134,0,25,63.056506002306044,9.04717299999902,3295.867080998505,1414.2002637217736
1781711328,100,,Aggregated,92.700000,0.000000,25,34,41,47,73,130,520,1200,2100,2900,3300,12234,0,25,62.78088897604831,9.04717299999902,3295.867080998505,1412.1480300801047
1781711329,100,,Aggregated,94.300000,0.000000,25,34,41,47,72,130,520,1200,2100,2900,3300,12325,0,25,62.47034469379161,9.04717299999902,3295.867080998505,1411.9897768762678
1781711330,100,,Aggregated,93.500000,0.000000,25,34,41,47,72,130,510,1100,2100,2900,3300,12420,0,25,62.20258422600526,9.04717299999902,3295.867080998505,1411.2434782608696
1781711331,100,,Aggregated,93.600000,0.000000,25,34,41,47,71,130,500,1100,2100,2900,3300,12511,0,25,61.89838813292133,9.04717299999902,3295.867080998505,1412.122292382703
1781711332,100,,Aggregated,95.600000,0.000000,25,34,41,47,71,130,500,1100,2100,2900,3300,12606,0,25,61.62179302538278,9.04717299999902,3295.867080998505,1411.8393622084723
1781711333,100,,Aggregated,92.400000,0.000000,25,34,41,47,71,130,500,1100,2100,2900,3300,12698,0,25,61.33779448850082,9.04717299999902,3295.867080998505,1409.2811466372657
1781711334,100,,Aggregated,92.900000,0.000000,25,33,41,47,71,130,500,1100,2100,2900,3300,12771,0,25,61.091457202644996,9.04717299999902,3295.867080998505,1410.191997494323
1781711335,100,,Aggregated,92.700000,0.000000,25,33,41,46,70,130,500,1100,2100,2900,3300,12868,0,25,60.80855223173694,9.04717299999902,3295.867080998505,1409.1265930991608
1781711336,100,,Aggregated,91.400000,0.000000,25,33,41,46,70,130,490,1100,2100,2900,3300,12952,0,25,60.568139142603144,9.04717299999902,3295.867080998505,1407.965873996294
1781711337,100,,Aggregated,90.200000,0.000000,25,33,40,46,70,120,490,1000,2100,2900,3300,13049,0,25,60.28710909701888,9.04717299999902,3295.867080998505,1407.9286535366696
1781711338,100,,Aggregated,91.900000,0.000000,25,33,41,46,70,120,490,990,2100,2900,3300,13157,0,25,60.08380301816539,9.04717299999902,3295.867080998505,1408.1514783005243
1781711339,100,,Aggregated,89.200000,0.000000,25,33,40,46,69,120,490,980,2100,2900,3300,13250,0,25,59.82145802415155,9.04717299999902,3295.867080998505,1408.332075471698
1781711340,100,,Aggregated,91.200000,0.000000,25,33,40,46,69,120,480,980,2100,2900,3300,13341,0,25,59.587665557529654,9.04717299999902,3295.867080998505,1407.7315043849787
1781711341,100,,Aggregated,90.700000,0.000000,25,33,40,46,69,120,480,950,2100,2900,3300,13436,0,25,59.347773434132826,9.04717299999902,3295.867080998505,1405.9459660613277
1781711342,100,,Aggregated,90.900000,0.000000,24,33,40,46,68,120,480,950,2100,2900,3300,13523,0,24,59.10314632766511,9.04717299999902,3295.867080998505,1407.2509058640835
1781711343,100,,Aggregated,92.300000,0.000000,24,33,40,46,68,120,470,940,2100,2900,3300,13610,0,24,58.86357248148506,9.04717299999902,3295.867080998505,1406.5368846436443
1781711344,100,,Aggregated,91.000000,0.000000,24,33,40,46,68,120,470,940,2100,2900,3300,13697,0,24,58.70454060195743,9.04717299999902,3295.867080998505,1405.7955026648171
1781711345,100,,Aggregated,90.100000,0.000000,24,33,40,45,68,120,470,930,2100,2900,3300,13796,0,24,58.46569173506901,9.04717299999902,3295.867080998505,1404.033922876196
1781711346,100,,Aggregated,91.300000,0.000000,24,33,40,45,68,120,460,930,2100,2900,3300,13881,0,24,58.30906230192457,9.04717299999902,3295.867080998505,1404.6039190260067
1781711347,100,,Aggregated,90.300000,0.000000,24,33,40,45,68,120,450,920,2100,2900,3300,13962,0,24,58.11953596999089,9.04717299999902,3295.867080998505,1404.8556797020485
1781711348,100,,Aggregated,91.100000,0.000000,24,33,40,45,68,120,450,880,2100,2900,3300,14054,0,24,57.97250510445498,9.04717299999902,3295.867080998505,1404.0889426497795
1781711349,100,,Aggregated,91.200000,0.000000,24,33,40,45,68,120,450,880,2100,2900,3300,14137,0,24,57.7548066292711,9.04717299999902,3295.867080998505,1403.0848129023132
1781711350,100,,Aggregated,89.800000,0.000000,24,33,40,45,67,120,440,880,2100,2900,3300,14243,0,24,57.56080018956762,9.04717299999902,3295.867080998505,1402.895878677245
1781711351,100,,Aggregated,89.900000,0.000000,24,33,39,45,67,120,440,870,2100,2900,3300,14318,0,24,57.35772695222841,9.04717299999902,3295.867080998505,1404.1496018997066
1781711352,100,,Aggregated,88.400000,0.000000,24,33,40,45,67,110,430,860,2100,2900,3300,14426,0,24,57.25397811631793,9.04717299999902,3295.867080998505,1402.6769028143628
1781711353,100,,Aggregated,87.600000,0.000000,24,33,39,45,67,110,430,840,2100,2900,3300,14516,0,24,57.02619475344514,9.04717299999902,3295.867080998505,1404.707495177735
1781711354,100,,Aggregated,88.700000,0.000000,24,33,39,45,67,110,420,830,2100,2900,3300,14613,0,24,56.80343533059624,9.04717299999902,3295.867080998505,1404.8425374666392
1781711355,100,,Aggregated,89.500000,0.000000,24,33,39,45,66,110,420,810,2100,2900,3300,14709,0,24,56.58739586525233,9.04717299999902,3295.867080998505,1405.7396152015772
1781711356,100,,Aggregated,88.900000,0.000000,24,33,39,45,66,110,420,800,2100,2900,3300,14802,0,24,56.3850856692341,9.04717299999902,3295.867080998505,1405.1672071341711
1781711357,100,,Aggregated,89.100000,0.000000,24,33,39,45,66,110,410,800,2100,2900,3300,14900,0,24,56.17920213906123,9.04717299999902,3295.867080998505,1405.6930872483222
1781711358,100,,Aggregated,90.000000,0.000000,24,33,39,45,66,110,410,780,2100,2900,3300,14985,0,24,56.01059754608063,9.04717299999902,3295.867080998505,1406.5673006339673
1781711359,100,,Aggregated,91.700000,0.000000,24,33,39,45,66,110,400,780,2100,2900,3300,15091,0,24,55.82368789006851,9.04717299999902,3295.867080998505,1406.348684646478
1781711360,100,,Aggregated,92.200000,0.000000,24,33,39,45,66,110,400,780,2100,2900,3300,15174,0,24,55.67083676848665,9.04717299999902,3295.867080998505,1405.8852642678266
1781711361,100,,Aggregated,92.600000,0.000000,24,33,39,45,66,110,400,770,2100,2900,3300,15283,0,24,55.505036510961276,9.04717299999902,3295.867080998505,1406.2248249689196
1781711362,100,,Aggregated,91.800000,0.000000,24,33,39,45,66,110,400,770,2100,2900,3300,15369,0,24,55.43052656822312,9.04717299999902,3295.867080998505,1406.898562040471
1781711363,100,,Aggregated,93.200000,0.000000,24,33,39,45,66,110,390,770,2100,2900,3300,15456,0,24,55.33678807938733,9.04717299999902,3295.867080998505,1407.0722696687371
1781711365,100,,Aggregated,92.600000,0.000000,24,33,40,45,67,110,410,770,2100,2900,3300,15509,0,24,56.20365582874498,9.04717299999902,3295.867080998505,1408.7553678509253
1781711366,100,,Aggregated,91.200000,0.000000,24,33,40,46,69,120,500,910,2100,2900,3300,15566,0,24,58.881877749067996,9.04717299999902,3295.867080998505,1409.182191956829
1781711367,100,,Aggregated,88.200000,0.000000,25,33,40,46,71,140,600,1100,2100,2900,3300,15679,0,25,62.75675031296542,9.04717299999902,3295.867080998505,1408.3910325913641
1781711368,100,,Aggregated,82.000000,0.000000,25,33,41,47,73,150,600,1100,2100,2900,3300,15753,0,25,63.14968763943324,9.04717299999902,3295.867080998505,1408.1967244334412
1781711369,100,,Aggregated,79.300000,0.000000,25,34,41,47,73,150,590,1100,2100,2900,3300,15828,0,25,63.1989923489377,9.04717299999902,3295.867080998505,1408.7276977508213
1781711370,100,,Aggregated,78.400000,0.000000,25,34,41,47,75,150,590,1100,2100,2900,3300,15937,0,25,63.256586105665235,9.04717299999902,3295.867080998505,1408.3028800903558
1781711371,100,,Aggregated,77.500000,0.000000,25,34,41,47,74,150,590,1000,2100,2900,3300,16026,0,25,63.05174065805515,9.04717299999902,3295.867080998505,1408.7831648571073
1781711372,100,,Aggregated,77.200000,0.000000,25,34,41,47,74,150,590,1000,2100,2900,3300,16115,0,25,62.86578835153515,9.04717299999902,3295.867080998505,1408.4366739062984
1781711373,100,,Aggregated,76.100000,0.000000,25,34,41,47,74,150,590,1000,2100,2900,3300,16181,0,25,63.070100267473514,9.04717299999902,3295.867080998505,1409.3353315617082
1781711374,100,,Aggregated,76.700000,0.000000,25,34,41,47,76,160,610,1000,2100,2900,3300,16295,0,25,63.68294759533604,9.04717299999902,3295.867080998505,1407.5493709726911
1781711375,100,,Aggregated,75.600000,0.000000,25,34,41,47,76,160,600,1000,2100,2900,3300,16385,0,25,63.50999963558106,9.04717299999902,3295.867080998505,1408.206530363137
1781711376,100,,Aggregated,77.100000,0.000000,25,34,41,47,75,160,600,1000,2100,2900,3300,16486,0,25,63.338493062295285,9.04717299999902,3295.867080998505,1406.937947349266
1781711377,100,,Aggregated,81.100000,0.000000,25,34,41,47,75,160,590,1000,2100,2900,3300,16568,0,25,63.18262879532842,9.04717299999902,3295.867080998505,1407.0189521970062
1781711378,100,,Aggregated,85.100000,0.000000,25,34,41,48,76,160,590,1000,2100,2900,3300,16659,0,25,63.0983937606101,9.04717299999902,3295.867080998505,1407.412149588811
1781711379,100,,Aggregated,87.600000,0.000000,25,34,42,48,76,160,590,1000,2100,2900,3300,16759,0,25,63.098329283310676,9.04717299999902,3295.867080998505,1407.3135031923146
1781711380,100,,Aggregated,87.700000,0.000000,25,34,42,48,76,150,590,1000,2100,2900,3300,16854,0,25,62.90235476100709,9.04717299999902,3295.867080998505,1406.6001542660497
1781711381,100,,Aggregated,87.200000,0.000000,25,34,42,48,76,150,590,1000,2100,2900,3300,16945,0,25,62.71774036777865,9.04717299999902,3295.867080998505,1406.556565358513
1781711382,100,,Aggregated,89.700000,0.000000,25,34,42,48,76,150,580,990,2100,2900,3300,17035,0,25,62.51866110032383,9.04717299999902,3295.867080998505,1405.8589374816554
1781711383,100,,Aggregated,89.600000,0.000000,25,34,42,48,76,150,580,990,2100,2900,3300,17131,0,25,62.34195486124717,9.04717299999902,3295.867080998505,1404.4586422275406
1781711384,100,,Aggregated,89.000000,0.000000,25,34,41,47,75,150,580,990,2100,2900,3300,17211,0,25,62.22153656841716,9.04717299999902,3295.867080998505,1404.1836616117598
1781711385,100,,Aggregated,89.700000,0.000000,25,34,41,47,75,150,580,990,2100,2900,3300,17303,0,25,62.141464515866225,9.04717299999902,3295.867080998505,1404.3462983297693
1781711386,100,,Aggregated,90.600000,0.000000,25,34,41,47,75,150,570,990,2100,2900,3300,17393,0,25,61.93951509986944,9.04717299999902,3295.867080998505,1404.0632438337261
1781711387,100,,Aggregated,90.100000,0.000000,25,34,41,47,75,150,570,990,2100,2900,3300,17489,0,25,61.75610153628179,9.04717299999902,3295.867080998505,1403.85602378638
1781711389,100,,Aggregated,90.800000,0.000000,25,34,41,47,75,150,570,990,2100,2900,3300,17592,0,25,61.55171064961493,9.04717299999902,3295.867080998505,1403.8672692132789
1781711390,100,,Aggregated,90.500000,0.000000,25,34,41,47,75,150,570,980,2100,2900,3300,17682,0,25,61.4335044990396,9.04717299999902,3295.867080998505,1403.7095916751498
1781711391,100,,Aggregated,92.500000,0.000000,25,34,41,47,75,150,570,980,2100,2900,3300,17784,0,25,61.279753830017036,9.04717299999902,3295.867080998505,1403.7917791273055
1781711392,100,,Aggregated,90.700000,0.000000,25,34,41,47,75,140,560,970,2100,2900,3300,17868,0,25,61.12783159900455,9.04717299999902,3295.867080998505,1405.130680546228
1781711393,100,,Aggregated,92.500000,0.000000,25,34,41,47,75,150,550,970,2100,2900,3300,17983,0,25,61.11111412144919,9.04717299999902,3295.867080998505,1403.3355947283546
1781711394,100,,Aggregated,91.000000,0.000000,25,34,41,47,75,140,550,950,2100,2900,3300,18059,0,25,60.92818436192637,9.04717299999902,3295.867080998505,1403.7968879782934
1781711395,100,,Aggregated,93.500000,0.000000,25,34,41,47,75,140,550,950,2100,2900,3300,18156,0,25,60.7699179865064,9.04717299999902,3295.867080998505,1403.9553866490417
1781711396,100,,Aggregated,91.600000,0.000000,25,34,41,47,74,140,550,950,2100,2900,3300,18244,0,25,60.57085404100041,9.04717299999902,3295.867080998505,1403.3629138346853
1781711397,100,,Aggregated,91.900000,0.000000,25,34,41,47,74,140,550,940,2100,2900,3300,18327,0,25,60.3866312433033,9.04717299999902,3295.867080998505,1403.9416707589894
1781711398,100,,Aggregated,92.100000,0.000000,25,34,41,47,74,140,550,940,2100,2900,3300,18426,0,25,60.260106315261716,9.04717299999902,3295.867080998505,1404.522305437968
1781711399,100,,Aggregated,91.600000,0.000000,25,34,41,47,74,140,540,940,2100,2900,3300,18515,0,25,60.08080186254423,9.04717299999902,3295.867080998505,1403.7689440993788
1781711400,100,,Aggregated,91.800000,0.000000,25,34,41,47,74,140,530,940,2100,2900,3300,18604,0,25,59.97843813712119,9.04717299999902,3295.867080998505,1403.400935282735
1781711401,100,,Aggregated,91.300000,0.000000,25,34,41,47,74,140,530,930,2100,2900,3300,18706,0,25,59.83880419731557,9.04717299999902,3295.867080998505,1402.5031540682135
1781711402,100,,Aggregated,90.500000,0.000000,25,34,41,47,74,140,530,930,2100,2900,3300,18796,0,25,59.67484790710645,9.04717299999902,3295.867080998505,1402.696956799319
1781711403,100,,Aggregated,89.800000,0.000000,25,34,41,47,74,130,530,930,2100,2900,3300,18882,0,25,59.51103820580348,9.04717299999902,3295.867080998505,1402.4132507149666
1781711404,100,,Aggregated,91.300000,0.000000,25,34,41,47,74,140,530,930,2100,2900,3300,18978,0,25,59.4341936058054,9.04717299999902,3295.867080998505,1401.6947518178945
1781711405,100,,Aggregated,89.200000,0.000000,25,34,41,47,74,130,520,930,2100,2900,3300,19071,0,25,59.28229139384294,9.04717299999902,3295.867080998505,1400.5130302553616
1781711406,100,,Aggregated,90.100000,0.000000,25,34,41,47,73,130,520,920,2100,2900,3300,19159,0,25,59.14742804457254,9.04717299999902,3295.867080998505,1399.8072968317763
1781711407,100,,Aggregated,91.000000,0.000000,25,34,41,47,73,130,520,910,2100,2900,3300,19268,0,25,58.94211687543912,9.04717299999902,3295.867080998505,1399.7740294789287
1781711408,100,,Aggregated,90.700000,0.000000,25,34,41,47,73,130,520,900,2100,2900,3300,19339,0,25,58.86718556569424,9.04717299999902,3295.867080998505,1400.2382749883654
1781711409,100,,Aggregated,91.500000,0.000000,25,34,41,47,73,130,510,900,2100,2900,3300,19439,0,25,58.67853646365449,9.04717299999902,3295.867080998505,1400.9749987139255
1781711410,100,,Aggregated,91.500000,0.000000,25,34,41,47,73,130,500,890,2100,2900,3300,19539,0,25,58.52774608301234,9.04717299999902,3295.867080998505,1399.8735861610114
1781711411,100,,Aggregated,90.400000,0.000000,25,34,41,47,73,130,500,890,2100,2900,3300,19639,0,25,58.344595490298744,9.04717299999902,3295.867080998505,1401.2457864453384
1781711412,100,,Aggregated,92.200000,0.000000,25,33,41,47,72,130,500,890,2100,2900,3300,19734,0,25,58.17821285420986,9.04717299999902,3295.867080998505,1400.898652072565
1781711413,100,,Aggregated,91.600000,0.000000,25,33,41,46,72,130,500,890,2100,2900,3300,19822,0,25,58.011381955755134,9.04717299999902,3295.867080998505,1400.9359297749975
1781711414,100,,Aggregated,92.600000,0.000000,25,33,41,46,71,130,500,890,2100,2900,3300,19916,0,25,57.84443900552264,9.04717299999902,3295.867080998505,1400.7985539264912
1781711415,100,,Aggregated,92.100000,0.000000,25,33,41,46,71,130,500,890,2100,2900,3300,19999,0,25,57.69940161253005,9.04717299999902,3295.867080998505,1401.672833641682
1781711416,100,,Aggregated,93.300000,0.000000,25,33,41,46,71,130,490,890,2100,2900,3300,20103,0,25,57.593948512261115,9.04717299999902,3295.867080998505,1401.2409590608368
1781711417,100,,Aggregated,91.900000,0.000000,25,33,41,46,71,130,490,890,2100,2900,3300,20196,0,25,57.43341885403011,9.04717299999902,3295.867080998505,1400.9068627450981
1781711418,100,,Aggregated,93.900000,0.000000,25,33,41,46,71,130,490,890,2100,2900,3300,20275,0,25,57.30871820724969,9.04717299999902,3295.867080998505,1401.7761775585698
1781711419,100,,Aggregated,92.300000,0.000000,24,33,40,46,71,120,490,880,2100,2900,3300,20372,0,24,57.148614332808975,9.04717299999902,3295.867080998505,1399.9633320243472
1781711420,100,,Aggregated,91.500000,0.000000,24,33,40,46,71,120,490,880,2100,2900,3300,20453,0,24,57.00658026988576,9.04717299999902,3295.867080998505,1399.9172737495721
1781711421,100,,Aggregated,91.700000,0.000000,24,33,40,46,71,120,480,880,2100,2900,3300,20556,0,24,56.862571290570706,9.04717299999902,3295.867080998505,1399.4261529480443
1781711422,100,,Aggregated,90.800000,0.000000,24,33,40,46,70,120,480,880,2100,2900,3300,20647,0,24,56.72073791683929,9.04717299999902,3295.867080998505,1399.5679275439531
1781711423,100,,Aggregated,91.200000,0.000000,24,33,40,46,70,120,480,880,2100,2900,3300,20740,0,24,56.553961012824836,9.04717299999902,3295.867080998505,1399.754387656702
1781711424,100,,Aggregated,90.400000,0.000000,24,33,40,46,70,120,480,880,2100,2900,3300,20832,0,24,56.39428009605347,9.04717299999902,3295.867080998505,1398.8749519969278
1781711425,100,,Aggregated,90.500000,0.000000,24,33,40,46,70,120,480,870,2100,2900,3300,20925,0,24,56.24868978456273,9.04717299999902,3295.867080998505,1399.3993787335723
1781711426,100,,Aggregated,90.100000,0.000000,24,33,40,46,70,120,470,860,2100,2900,3300,21027,0,24,56.129952124267085,9.04717299999902,3295.867080998505,1398.6871165644172
1781711427,100,,Aggregated,91.100000,0.000000,24,33,40,46,69,120,470,860,2100,2900,3300,21115,0,24,56.07564704323748,9.04717299999902,3295.867080998505,1398.124745441629
1781711428,100,,Aggregated,90.200000,0.000000,24,33,40,46,70,120,460,850,2100,2900,3300,21208,0,24,56.01659915960769,9.04717299999902,3295.867080998505,1398.6588551490004
1781711429,100,,Aggregated,91.200000,0.000000,24,33,40,46,69,120,460,850,2100,2900,3300,21295,0,24,55.8975714862156,9.04717299999902,3295.867080998505,1399.3953040619863
1781711430,100,,Aggregated,93.100000,0.000000,24,33,40,46,69,120,460,850,2100,2900,3300,21384,0,24,55.77338002992662,9.04717299999902,3295.867080998505,1400.3315563037786
1781711431,100,,Aggregated,90.600000,0.000000,24,33,40,46,69,120,450,850,2100,2900,3300,21483,0,24,55.62836323604467,9.04717299999902,3295.867080998505,1400.5328864683704
1781711432,100,,Aggregated,91.300000,0.000000,24,33,40,45,69,120,450,840,2100,2900,3300,21558,0,24,55.51270483138238,9.04717299999902,3295.867080998505,1400.0830318211338
1781711433,100,,Aggregated,92.200000,0.000000,24,33,40,45,69,120,440,830,2100,2900,3300,21667,0,24,55.379451806015496,9.04717299999902,3295.867080998505,1398.9858309872156
1781711434,100,,Aggregated,91.800000,0.000000,24,33,40,45,69,120,440,830,2100,2900,3300,21748,0,24,55.23657145755603,9.04717299999902,3295.867080998505,1400.6662681625896
1781711435,100,,Aggregated,92.300000,0.000000,24,33,40,45,68,120,440,830,2100,2900,3300,21841,0,24,55.11470683933617,9.04717299999902,3295.867080998505,1400.3463669245914
1781711436,100,,Aggregated,91.500000,0.000000,24,33,40,45,68,120,430,830,2100,2900,3300,21943,0,24,54.990218884516096,9.04717299999902,3295.867080998505,1400.5764936426194
1781711437,100,,Aggregated,91.800000,0.000000,24,33,40,45,68,120,430,830,2100,2900,3300,22026,0,24,54.94347741691379,9.04717299999902,3295.867080998505,1400.7603287024426
1781711438,100,,Aggregated,90.900000,0.000000,24,33,40,45,68,120,430,830,2100,2900,3300,22131,0,24,54.90438554665107,9.04717299999902,3295.867080998505,1400.063530793909
1781711439,100,,Aggregated,90.500000,0.000000,24,33,40,45,68,120,420,820,2100,2900,3300,22215,0,24,54.76229052612809,9.04717299999902,3295.867080998505,1400.4023407607472
1781711440,100,,Aggregated,90.100000,0.000000,24,33,40,45,68,110,420,820,2100,2900,3300,22310,0,24,54.62755350084878,9.04717299999902,3295.867080998505,1399.98758404303
1781711441,100,,Aggregated,92.600000,0.000000,24,33,40,45,68,110,420,810,2100,2900,3300,22405,0,24,54.544380594016296,9.04717299999902,3295.867080998505,1399.9247043070743
1781711442,100,,Aggregated,91.000000,0.000000,24,33,40,45,68,110,420,810,2100,2900,3300,22488,0,24,54.43179958462004,9.04717299999902,3295.867080998505,1399.6647990039132
1781711443,100,,Aggregated,91.400000,0.000000,24,33,40,45,68,110,420,800,2100,2900,3300,22588,0,24,54.32208621728072,9.04717299999902,3295.867080998505,1399.2129006552152
1781711444,100,,Aggregated,91.000000,0.000000,24,33,40,45,68,110,410,800,2100,2900,3300,22674,0,24,54.18701844133982,9.04717299999902,3295.867080998505,1398.7556231807357
1781711445,100,,Aggregated,89.100000,0.000000,24,33,40,45,67,110,410,800,2100,2900,3300,22767,0,24,54.052323206744205,9.04717299999902,3295.867080998505,1398.3775640180963
1781711446,100,,Aggregated,91.500000,0.000000,24,33,39,45,67,110,400,800,2100,2900,3300,22859,0,24,53.93960182111829,9.04717299999902,3295.867080998505,1397.3100748064219
1781711447,100,,Aggregated,90.000000,0.000000,24,33,39,45,67,110,400,800,2100,2900,3300,22953,0,24,53.813804060948556,9.04717299999902,3295.867080998505,1397.8297390319349
1781711448,100,,Aggregated,91.700000,0.000000,24,33,39,45,67,110,400,790,2100,2900,3300,23054,0,24,53.703115848744204,9.04717299999902,3295.867080998505,1396.7829443914288
1781711449,100,,Aggregated,91.100000,0.000000,24,33,39,45,67,110,400,790,2100,2900,3300,23141,0,24,53.63744915163332,9.04717299999902,3295.867080998505,1397.1207812972646
1781711450,100,,Aggregated,90.300000,0.000000,24,33,39,45,67,110,400,790,2100,2900,3300,23227,0,24,53.54286846889122,9.04717299999902,3295.867080998505,1397.9809704223533
1781711451,100,,Aggregated,90.500000,0.000000,24,33,39,45,67,110,390,780,2100,2900,3300,23329,0,24,53.429325005955405,9.04717299999902,3295.867080998505,1397.2131252946976
1781711452,100,,Aggregated,91.400000,0.000000,24,33,39,45,67,110,390,780,2100,2900,3300,23430,0,24,53.34439015565221,9.04717299999902,3295.867080998505,1397.3903969270166
1781711453,100,,Aggregated,89.700000,0.000000,24,33,39,45,67,110,390,780,2100,2900,3300,23517,0,24,53.22940943751057,9.04717299999902,3295.867080998505,1397.7433346090063
1781711454,100,,Aggregated,90.800000,0.000000,24,33,39,45,66,110,390,780,2100,2900,3300,23618,0,24,53.112216080656076,9.04717299999902,3295.867080998505,1397.27517147938
1781711455,100,,Aggregated,93.700000,0.000000,24,33,39,45,66,110,390,780,2100,2900,3300,23706,0,24,53.00156369311346,9.04717299999902,3295.867080998505,1397.3275542056863
1781711456,100,,Aggregated,91.300000,0.000000,24,32,39,45,66,110,390,780,2100,2900,3300,23789,0,24,52.89165269372178,9.04717299999902,3295.867080998505,1397.1740720501073
1781711457,100,,Aggregated,93.300000,0.000000,24,32,39,45,66,110,390,780,2100,2900,3300,23877,0,24,52.8225744788685,9.04717299999902,3295.867080998505,1397.4425179042594
1781711459,100,,Aggregated,92.400000,0.000000,24,33,39,45,67,110,390,770,2100,2900,3300,23984,0,24,52.863011397345865,9.04717299999902,3295.867080998505,1396.5712558372247
1781711460,100,,Aggregated,90.500000,0.000000,24,32,39,45,66,110,380,770,2100,2900,3300,24078,0,24,52.74510117040197,9.04717299999902,3295.867080998505,1396.7803388985797
1781711461,100,,Aggregated,91.200000,0.000000,24,32,39,45,66,110,380,770,2100,2900,3300,24173,0,24,52.63298113225258,9.04717299999902,3295.867080998505,1397.1143424481859
1781711462,100,,Aggregated,91.800000,0.000000,24,32,39,44,66,110,380,770,2100,2900,3300,24278,0,24,52.50122673238892,9.04717299999902,3295.867080998505,1397.8434385039955
1781711463,100,,Aggregated,92.100000,0.000000,24,32,39,44,66,110,370,760,2100,2900,3300,24363,0,24,52.41777645614004,9.04717299999902,3295.867080998505,1398.2985264540491
1781711464,100,,Aggregated,92.800000,0.000000,24,32,39,44,66,110,370,750,2100,2900,3300,24453,0,24,52.304563710379874,9.04717299999902,3295.867080998505,1398.4747883695252
1781711465,100,,Aggregated,91.200000,0.000000,24,32,39,44,66,110,370,750,2100,2900,3300,24550,0,24,52.1940751284689,9.04717299999902,3295.867080998505,1398.3109572301425
1781711466,100,,Aggregated,91.900000,0.000000,24,32,39,44,66,110,370,750,2100,2900,3300,24649,0,24,52.10533103573822,9.04717299999902,3295.867080998505,1398.0080327802345
1781711467,100,,Aggregated,91.200000,0.000000,24,32,39,44,66,110,370,750,2100,2900,3300,24741,0,24,52.10151208184441,9.04717299999902,3295.867080998505,1398.2223434784366
1781711468,100,,Aggregated,92.300000,0.000000,24,32,39,44,66,110,370,750,2100,2900,3300,24827,0,24,52.07976701183885,9.04717299999902,3295.867080998505,1398.019656019656
1781711469,100,,Aggregated,91.700000,0.000000,24,32,39,44,66,110,370,750,2100,2900,3300,24930,0,24,51.99477910561301,9.04717299999902,3295.867080998505,1396.7856397914159
1781711470,100,,Aggregated,92.900000,0.000000,24,32,39,44,66,110,360,750,2100,2900,3300,25017,0,24,51.99866581124593,9.04717299999902,3295.867080998505,1397.7310628772434
1781711471,100,,Aggregated,93.200000,0.000000,24,32,39,44,66,110,360,740,2100,2900,3300,25103,0,24,51.90377647432389,9.04717299999902,3295.867080998505,1398.1543640202367
1781711472,100,,Aggregated,92.700000,0.000000,24,32,39,44,65,110,360,740,2100,2900,3300,25203,0,24,51.80377041859944,9.04717299999902,3295.867080998505,1398.5813593619807
1781711473,100,,Aggregated,92.200000,0.000000,24,32,39,44,65,110,360,740,2100,2900,3300,25291,0,24,51.72526130880357,9.04717299999902,3295.867080998505,1398.206872009806
1781711474,100,,Aggregated,91.600000,0.000000,24,32,39,44,65,110,350,740,2100,2900,3300,25382,0,24,51.71405005480106,9.04717299999902,3295.867080998505,1398.766251674415
1781711475,100,,Aggregated,91.400000,0.000000,24,32,39,44,66,110,350,730,2100,2900,3300,25476,0,24,51.67377280852412,9.04717299999902,3295.867080998505,1397.5488695242582
1781711476,100,,Aggregated,90.600000,0.000000,24,32,39,44,66,110,350,730,2100,2900,3300,25563,0,24,51.62011560802535,9.04717299999902,3295.867080998505,1397.8372647967765
1781711477,100,,Aggregated,90.500000,0.000000,24,32,39,44,65,110,350,730,2100,2900,3300,25659,0,24,51.568343398298914,9.04717299999902,3295.867080998505,1398.5347441443548
1781711478,100,,Aggregated,88.900000,0.000000,24,33,39,45,66,110,350,730,2100,2900,3300,25725,0,24,51.77578963537176,9.04717299999902,3295.867080998505,1398.4780563654033
1781711479,100,,Aggregated,90.600000,0.000000,24,33,39,45,67,110,350,730,2100,2900,3300,25836,0,24,52.03318289843439,9.04717299999902,3295.867080998505,1398.5542266604737
1781711480,100,,Aggregated,89.300000,0.000000,24,33,39,45,67,110,350,730,2100,2900,3300,25931,0,24,51.952056297441466,9.04717299999902,3295.867080998505,1398.4973198102657
1781711481,100,,Aggregated,89.100000,0.000000,24,33,39,45,67,110,350,730,2100,2900,3300,26020,0,24,51.86469687244239,9.04717299999902,3295.867080998505,1397.9077248270562
1781711482,100,,Aggregated,88.300000,0.000000,24,33,39,45,67,110,350,730,2100,2900,3300,26120,0,24,51.78342116726467,9.04717299999902,3295.867080998505,1397.3772205206737
1781711483,100,,Aggregated,87.800000,0.000000,24,33,39,45,66,110,350,730,2100,2900,3300,26201,0,24,51.69439923777552,9.04717299999902,3295.867080998505,1397.7487500477082
1781711484,100,,Aggregated,88.700000,0.000000,24,33,39,45,66,110,350,730,2100,2900,3300,26301,0,24,51.59460629591844,9.04717299999902,3295.867080998505,1397.5442758830463
1781711485,100,,Aggregated,88.200000,0.000000,24,33,39,45,66,110,340,730,2100,2900,3300,26395,0,24,51.490275058380405,9.04717299999902,3295.867080998505,1397.8914188293238
1781711486,100,,Aggregated,87.900000,0.000000,24,32,39,45,66,110,340,730,2100,2900,3300,26477,0,24,51.404741418890126,9.04717299999902,3295.867080998505,1399.1101333232616
1781711487,100,,Aggregated,90.000000,0.000000,24,32,39,45,66,110,340,730,2100,2900,3300,26574,0,24,51.32839349491756,9.04717299999902,3295.867080998505,1398.1453676525928
1781711488,100,,Aggregated,90.900000,0.000000,24,32,39,45,66,110,330,720,2100,2900,3300,26658,0,24,51.26997787301854,9.04717299999902,3295.867080998505,1397.9854452697127
1781711489,100,,Aggregated,89.300000,0.000000,24,33,39,45,66,110,330,720,2100,2900,3300,26748,0,24,51.24143632906832,9.04717299999902,3295.867080998505,1398.4099745775386
1781711490,100,,Aggregated,89.700000,0.000000,24,33,39,45,66,110,330,720,2100,2900,3300,26838,0,24,51.22399167210381,9.04717299999902,3295.867080998505,1397.9504806617483
1781711491,100,,Aggregated,89.300000,0.000000,24,33,40,45,67,110,350,720,2100,2900,3300,26955,0,24,51.565358736743946,9.04717299999902,3295.867080998505,1397.3223149693933
1781711493,100,,Aggregated,87.600000,0.000000,24,33,39,45,67,110,340,710,2100,2900,3300,27039,0,24,51.482497600426726,9.04717299999902,3295.867080998505,1398.1442730870224
1781711494,100,,Aggregated,88.500000,0.000000,24,33,39,45,67,110,340,710,2100,2900,3300,27135,0,24,51.399144845658434,9.04717299999902,3295.867080998505,1397.6372581536762
1781711495,100,,Aggregated,88.900000,0.000000,24,33,40,45,67,110,340,710,2100,2900,3300,27238,0,24,51.38488591621765,9.04717299999902,3295.867080998505,1397.67938174609
1781711496,100,,Aggregated,90.300000,0.000000,24,33,40,45,67,110,330,710,2100,2900,3300,27342,0,24,51.34026277433755,9.04717299999902,3295.867080998505,1397.681588764538
1781711497,100,,Aggregated,89.000000,0.000000,24,33,39,45,67,110,330,700,2100,2900,3300,27422,0,24,51.24575366264078,9.04717299999902,3295.867080998505,1398.5602800670995
1781711498,100,,Aggregated,89.600000,0.000000,24,33,40,45,67,110,330,700,2100,2900,3300,27524,0,24,51.181403985501426,9.04717299999902,3295.867080998505,1398.5958072954513
1781711499,100,,Aggregated,89.400000,0.000000,24,33,39,45,67,110,330,700,2100,2900,3300,27606,0,24,51.107850658115424,9.04717299999902,3295.867080998505,1399.0123886111714
1781711500,100,,Aggregated,92.200000,0.000000,24,33,40,45,67,110,330,700,2100,2900,3300,27715,0,24,51.05822174479302,9.04717299999902,3295.867080998505,1398.711961031932
1781711501,100,,Aggregated,91.000000,0.000000,24,33,39,45,67,110,330,700,2100,2900,3300,27799,0,24,50.976831313354594,9.04717299999902,3295.867080998505,1398.8818302816649
1781711502,100,,Aggregated,93.700000,0.000000,24,33,39,45,67,110,320,690,2100,2900,3300,27887,0,24,50.879996583854535,9.04717299999902,3295.867080998505,1399.0240255316098
1781711503,100,,Aggregated,94.600000,0.000000,24,33,39,45,67,110,320,690,2100,2900,3300,27990,0,24,50.7927362768832,9.04717299999902,3295.867080998505,1398.8387281171847
1781711504,100,,Aggregated,91.800000,0.000000,24,33,39,45,66,110,320,690,2100,2900,3300,28082,0,24,50.69795658510674,9.04717299999902,3295.867080998505,1398.9667758706644
1781711505,100,,Aggregated,93.200000,0.000000,24,33,39,45,66,110,310,690,2100,2900,3300,28165,0,24,50.608243416047415,9.04717299999902,3295.867080998505,1398.5028581572874
1781711506,100,,Aggregated,93.800000,0.000000,24,33,39,45,66,110,310,690,2100,2900,3300,28260,0,24,50.527314183226316,9.04717299999902,3295.867080998505,1398.1920028308564
1781711507,100,,Aggregated,91.500000,0.000000,24,32,39,45,66,110,310,680,2100,2900,3300,28349,0,24,50.43093943412413,9.04717299999902,3295.867080998505,1398.8611238491658
1781711508,100,,Aggregated,91.000000,0.000000,24,33,39,45,66,110,310,680,2100,2900,3300,28438,0,24,50.373550574723616,9.04717299999902,3295.867080998505,1399.1484281595049
1781711509,100,,Aggregated,92.100000,0.000000,24,33,39,45,66,110,310,680,2100,2900,3300,28538,0,24,50.28830827703379,9.04717299999902,3295.867080998505,1399.0604106804963
1781711510,100,,Aggregated,89.800000,0.000000,24,32,39,44,66,110,310,680,2100,2900,3300,28605,0,24,50.215463989162444,9.04717299999902,3295.867080998505,1399.9315504282467
1781711512,100,,Aggregated,89.800000,0.000000,24,32,39,44,66,110,310,680,2100,2900,3300,28605,0,24,50.215463989162444,9.04717299999902,3295.867080998505,1399.9315504282467
1781711513,100,,Aggregated,82.100000,0.000000,24,33,40,45,68,110,390,780,2100,2900,3300,28764,0,24,53.87960455214782,9.04717299999902,3295.867080998505,1400.0829856765401
1781711514,100,,Aggregated,73.200000,0.000000,24,33,40,45,68,110,390,780,2100,2900,3300,28835,0,24,53.81702194749383,9.04717299999902,3295.867080998505,1401.123530431767
1781711515,100,,Aggregated,78.600000,0.000000,24,33,40,45,68,110,390,770,2100,2900,3300,28938,0,24,53.74901127852552,9.04717299999902,3295.867080998505,1401.5115073605639
1781711516,100,,Aggregated,75.100000,0.000000,24,33,39,45,67,110,390,770,2100,2900,3300,29039,0,24,53.64264884100622,9.04717299999902,3295.867080998505,1400.9910465236405
1781711517,100,,Aggregated,77.900000,0.000000,24,33,39,45,67,110,380,770,2100,2900,3300,29138,0,24,53.540879098770986,9.04717299999902,3295.867080998505,1400.7500171597228
1781711518,100,,Aggregated,79.100000,0.000000,24,33,39,45,67,110,380,770,2100,2900,3300,29213,0,24,53.498600087426524,9.04717299999902,3295.867080998505,1401.3968781022147
1781711519,100,,Aggregated,79.400000,0.000000,24,33,39,45,67,110,380,760,2100,2900,3300,29312,0,24,53.41286804629442,9.04717299999902,3295.867080998505,1402.2284729803494
1781711520,100,,Aggregated,78.100000,0.000000,24,33,39,45,67,110,380,750,2100,2900,3300,29409,0,24,53.333225822094775,9.04717299999902,3295.867080998505,1401.631609371281
1781711521,100,,Aggregated,78.100000,0.000000,24,33,39,45,67,110,380,750,2100,2900,3300,29501,0,24,53.24024518050224,9.04717299999902,3295.867080998505,1401.958509881021
1781711522,100,,Aggregated,80.600000,0.000000,24,33,39,45,67,110,380,750,2100,2900,3300,29589,0,24,53.217628275304406,8.954959001130192,3295.867080998505,1402.0175740984826
1781711523,100,,Aggregated,87.500000,0.000000,24,33,39,45,67,110,380,750,2100,2900,3300,29677,0,24,53.15459805387955,8.954959001130192,3295.867080998505,1402.0849816356101
1781711524,100,,Aggregated,95.800000,0.000000,24,33,39,45,67,110,370,750,2100,2900,3300,29767,0,24,53.04929786901496,8.954959001130192,3295.867080998505,1403.178183894917
1781711525,100,,Aggregated,89.700000,0.000000,24,32,39,45,67,110,370,750,2100,2900,3300,29872,0,24,52.945432490926926,8.954959001130192,3295.867080998505,1402.592025977504
1781711526,100,,Aggregated,91.800000,0.000000,24,32,39,45,67,110,370,740,2100,2900,3300,29960,0,24,52.8452680382505,8.954959001130192,3295.867080998505,1403.4754672897195
1781711527,100,,Aggregated,91.500000,0.000000,24,32,39,44,66,110,370,740,2100,2700,3300,30051,0,24,52.73957969937731,8.954959001130192,3295.867080998505,1403.4509666899603
1781711528,100,,Aggregated,89.800000,0.000000,24,32,39,45,67,110,370,740,2100,2700,3300,30135,0,24,52.707631048182876,8.954959001130192,3295.867080998505,1403.820076323212
1781711529,100,,Aggregated,90.300000,0.000000,24,32,39,45,66,110,370,730,2100,2700,3300,30240,0,24,52.6175610737763,8.954959001130192,3295.867080998505,1403.412037037037
1781711530,100,,Aggregated,92.000000,0.000000,24,32,39,44,66,110,370,730,2100,2700,3300,30319,0,24,52.530794200600475,8.954959001130192,3295.867080998505,1403.864342491507
1781711531,100,,Aggregated,92.400000,0.000000,24,32,39,44,66,110,370,730,2100,2700,3300,30424,0,24,52.44447967190401,8.954959001130192,3295.867080998505,1403.117637391533
1781711532,100,,Aggregated,90.100000,0.000000,24,32,39,44,66,110,370,730,2100,2700,3300,30508,0,24,52.37573862934315,8.954959001130192,3295.867080998505,1403.356463878327
1781711533,100,,Aggregated,91.500000,0.000000,24,32,39,44,66,110,370,730,2100,2700,3300,30608,0,24,52.29323635925288,8.954959001130192,3295.867080998505,1402.1714257710403
1781711534,100,,Aggregated,92.500000,0.000000,24,32,39,44,66,110,370,730,2100,2700,3300,30695,0,24,52.20484954184763,8.954959001130192,3295.867080998505,1402.0047238964
1781711535,100,,Aggregated,92.900000,0.000000,24,32,39,44,66,110,360,730,2100,2700,3300,30784,0,24,52.11268897342801,8.954959001130192,3295.867080998505,1402.2137474012475
1781711536,100,,Aggregated,92.800000,0.000000,24,32,39,44,66,110,360,730,2100,2700,3300,30880,0,24,52.032169028076915,8.954959001130192,3295.867080998505,1401.131347150259
1781711537,100,,Aggregated,90.300000,0.000000,24,32,39,44,66,110,360,730,2100,2700,3300,30976,0,24,51.93629178115372,8.954959001130192,3295.867080998505,1400.7617510330579
1781711538,100,,Aggregated,92.600000,0.000000,24,32,39,44,66,110,360,730,2100,2700,3300,31057,0,24,51.93044583820107,8.954959001130192,3295.867080998505,1401.392407508774
1781711539,100,,Aggregated,90.600000,0.000000,24,32,39,44,66,110,360,730,2100,2700,3300,31166,0,24,51.95517087787963,8.954959001130192,3295.867080998505,1400.8681255214015
1781711540,100,,Aggregated,90.700000,0.000000,24,32,39,44,66,110,360,730,2100,2700,3300,31253,0,24,51.881691657184604,8.954959001130192,3295.867080998505,1401.2025085591783
1781711541,100,,Aggregated,91.400000,0.000000,24,32,39,44,66,110,360,730,2100,2700,3300,31343,0,24,51.787704731678446,8.954959001130192,3295.867080998505,1401.8681364259962
1781711542,100,,Aggregated,91.300000,0.000000,24,32,39,44,66,110,350,730,2100,2700,3300,31439,0,24,51.715305221667165,8.954959001130192,3295.867080998505,1401.900664779414
1781711543,100,,Aggregated,91.200000,0.000000,24,32,39,44,66,110,350,720,2100,2700,3300,31529,0,24,51.63933871584867,8.954959001130192,3295.867080998505,1401.9699007263155
1781711544,100,,Aggregated,90.700000,0.000000,24,32,39,44,66,110,350,720,2100,2700,3300,31605,0,24,51.58998663837964,8.954959001130192,3295.867080998505,1401.6445499129884
1781711545,100,,Aggregated,89.500000,0.000000,24,32,39,44,66,110,350,720,2100,2700,3300,31704,0,24,51.53252319682052,8.954959001130192,3295.867080998505,1401.8281604844815
1781711546,100,,Aggregated,89.900000,0.000000,24,32,39,44,66,110,350,720,2100,2700,3300,31807,0,24,51.45703388062347,8.954959001130192,3295.867080998505,1401.3941899581853
1781711547,100,,Aggregated,92.000000,0.000000,24,32,39,44,66,110,350,720,2100,2700,3300,31888,0,24,51.388338519850336,8.954959001130192,3295.867080998505,1401.7770634721526
1781711548,100,,Aggregated,90.000000,0.000000,24,32,39,44,65,110,350,720,2100,2700,3300,31978,0,24,51.3402535977226,8.954959001130192,3295.867080998505,1401.7657451998248
1781711549,100,,Aggregated,91.000000,0.000000,24,32,39,44,65,110,350,710,2100,2700,3300,32074,0,24,51.25604404742069,8.954959001130192,3295.867080998505,1401.6637463365967
1781711550,100,,Aggregated,90.900000,0.000000,24,32,39,44,65,110,340,710,2100,2700,3300,32161,0,24,51.20924501252964,8.954959001130192,3295.867080998505,1401.727558222692
1781711551,100,,Aggregated,88.600000,0.000000,24,32,39,44,65,110,340,710,2100,2700,3300,32260,0,24,51.12259401010436,8.954959001130192,3295.867080998505,1401.9801611903285
1781711552,100,,Aggregated,90.600000,0.000000,24,32,39,44,65,110,340,710,2100,2700,3300,32353,0,24,51.04687813324797,8.954959001130192,3295.867080998505,1402.1169906963805
1781711553,100,,Aggregated,90.200000,0.000000,24,32,39,44,65,110,340,700,2100,2700,3300,32437,0,24,50.970762754137866,8.954959001130192,3295.867080998505,1402.0812960508063
1781711554,100,,Aggregated,90.300000,0.000000,24,32,39,44,65,110,340,700,2100,2700,3300,32522,0,24,50.89335225631789,8.954959001130192,3295.867080998505,1401.973863846012
1781711555,100,,Aggregated,90.800000,0.000000,24,32,39,44,65,100,330,700,2100,2700,3300,32617,0,24,50.80451923349713,8.954959001130192,3295.867080998505,1401.7752399055707
1781711556,100,,Aggregated,89.500000,0.000000,24,32,39,44,65,100,330,700,2100,2700,3300,32712,0,24,50.72028386732618,8.954959001130192,3295.867080998505,1401.35901198337
1781711557,100,,Aggregated,88.700000,0.000000,24,32,39,44,65,100,330,700,2100,2700,3300,32798,0,24,50.63319432977552,8.954959001130192,3295.867080998505,1401.796359534118
1781711558,100,,Aggregated,90.200000,0.000000,24,32,39,44,65,100,330,690,2100,2700,3300,32890,0,24,50.57140075573074,8.954959001130192,3295.867080998505,1401.9007601094559
1781711559,100,,Aggregated,89.500000,0.000000,24,32,39,44,65,100,330,690,2100,2700,3300,32987,0,24,50.494977796495185,8.954959001130192,3295.867080998505,1401.8517900991299
1781711560,100,,Aggregated,89.500000,0.000000,24,32,39,44,64,100,330,690,2100,2700,3300,33076,0,24,50.415251509432494,8.954959001130192,3295.867080998505,1402.5673297859475
1781711561,100,,Aggregated,89.600000,0.000000,24,32,38,44,64,100,330,690,2100,2700,3300,33182,0,24,50.32575444141405,8.954959001130192,3295.867080998505,1402.1979687782532
1781711562,100,,Aggregated,90.000000,0.000000,24,32,38,44,64,100,330,690,2100,2700,3300,33273,0,24,50.25127796865353,8.954959001130192,3295.867080998505,1402.0481772007333
1781711563,100,,Aggregated,90.500000,0.000000,24,32,38,44,64,100,330,680,2100,2700,3300,33364,0,24,50.17066140840447,8.954959001130192,3295.867080998505,1402.269182352236
1781711564,100,,Aggregated,91.400000,0.000000,24,32,38,43,64,100,320,680,2100,2700,3300,33464,0,24,50.1002931829428,8.954959001130192,3295.867080998505,1402.1016614869711
1781711565,100,,Aggregated,91.800000,0.000000,24,32,38,43,64,100,320,680,2100,2700,3300,33550,0,24,50.05348368411336,8.954959001130192,3295.867080998505,1402.1050670640834
1781711566,100,,Aggregated,93.300000,0.000000,24,32,38,43,64,100,320,680,2100,2700,3300,33645,0,24,49.97105960169364,8.954959001130192,3295.867080998505,1401.7949769653737
1781711567,100,,Aggregated,93.800000,0.000000,24,32,38,43,64,100,320,680,2100,2700,3300,33740,0,24,49.90286153814416,8.954959001130192,3295.867080998505,1401.5675459395377
1781711568,100,,Aggregated,91.800000,0.000000,24,32,38,43,64,100,310,680,2100,2700,3300,33834,0,24,49.84008587491827,8.954959001130192,3295.867080998505,1401.937607140746
1781711569,100,,Aggregated,92.400000,0.000000,24,32,38,43,64,100,310,680,2100,2700,3300,33920,0,24,49.7650484966977,8.954959001130192,3295.867080998505,1402.4963738207548
1781711570,100,,Aggregated,93.400000,0.000000,24,32,38,43,64,100,310,680,2100,2700,3300,34026,0,24,49.70799486742459,8.954959001130192,3295.867080998505,1402.4437782871921
1781711571,100,,Aggregated,93.700000,0.000000,24,32,38,43,64,100,310,680,2100,2700,3300,34100,0,24,49.64096346961834,8.954959001130192,3295.867080998505,1402.3862756598242
1781711572,100,,Aggregated,93.000000,0.000000,24,32,38,43,64,100,310,680,2100,2700,3300,34199,0,24,49.57703899380068,8.954959001130192,3295.867080998505,1402.0886868037078
1781711573,100,,Aggregated,92.400000,0.000000,23,32,38,43,64,100,310,670,2100,2700,3300,34279,0,23,49.50887731733685,8.954959001130192,3295.867080998505,1401.6632632223811
1781711574,100,,Aggregated,90.600000,0.000000,23,32,38,43,63,100,310,670,2100,2700,3300,34373,0,23,49.435517294271314,8.954959001130192,3295.867080998505,1401.77790707823
1781711575,100,,Aggregated,90.500000,0.000000,23,32,38,43,63,100,310,670,2100,2700,3300,34463,0,23,49.3591081779295,8.954959001130192,3295.867080998505,1402.0138699474799
1781711576,100,,Aggregated,89.100000,0.000000,23,32,38,43,63,100,310,670,2100,2700,3300,34547,0,23,49.28236668272116,8.954959001130192,3295.867080998505,1402.123397111182
1781711577,100,,Aggregated,90.100000,0.000000,23,32,38,43,63,100,310,670,2100,2700,3300,34637,0,23,49.219087835464364,8.954959001130192,3295.867080998505,1401.6225134971273
1781711578,100,,Aggregated,89.500000,0.000000,23,32,38,43,63,100,310,660,2100,2700,3300,34733,0,23,49.15952004258148,8.954959001130192,3295.867080998505,1400.83551665563
1781711579,100,,Aggregated,89.900000,0.000000,23,32,38,43,63,100,310,660,2100,2700,3300,34809,0,23,49.18552914266407,8.954959001130192,3295.867080998505,1401.8658967508402
1781711580,100,,Aggregated,88.900000,0.000000,23,32,38,43,64,100,310,670,2100,2700,3300,34902,0,23,49.591174062976194,8.954959001130192,3295.867080998505,1402.0555555555557
1781711582,100,,Aggregated,86.700000,0.000000,24,32,38,43,65,100,310,670,2100,2700,3300,34982,0,24,49.762635002915815,8.954959001130192,3295.867080998505,1402.1363272540164
1781711583,100,,Aggregated,86.400000,0.000000,24,32,38,44,65,110,330,670,2100,2700,3300,35060,0,24,50.3479430892756,8.954959001130192,3295.867080998505,1402.4578722190531
1781711584,100,,Aggregated,85.900000,0.000000,24,32,39,44,66,110,360,680,2100,2700,3300,35140,0,24,51.12394920489497,8.954959001130192,3295.867080998505,1402.3255549231644
1781711585,100,,Aggregated,83.400000,0.000000,24,32,39,44,66,110,360,680,2100,2700,3300,35229,0,24,51.2793956198589,8.954959001130192,3295.867080998505,1403.0139089954298
1781711586,100,,Aggregated,81.500000,0.000000,24,32,39,44,66,110,360,680,2100,3000,3300,35325,0,24,51.46736716234964,8.954959001130192,3295.867080998505,1403.4606086341118
1781711587,100,,Aggregated,80.900000,0.000000,24,32,39,44,66,110,360,680,2100,3000,3300,35411,0,24,51.407714247154814,8.954959001130192,3295.867080998505,1403.1015503657056
1781711588,100,,Aggregated,81.500000,0.000000,24,32,39,44,66,110,360,680,2100,3000,3300,35504,0,24,51.3520782799119,8.954959001130192,3295.867080998505,1403.1234227129337
1781711589,100,,Aggregated,81.000000,0.000000,24,32,39,44,66,110,360,680,2100,3000,3300,35593,0,24,51.29718749032107,8.954959001130192,3295.867080998505,1402.8156660017419
1781711590,100,,Aggregated,81.700000,0.000000,24,32,39,44,66,110,350,680,2100,3000,3300,35690,0,24,51.26242436228613,8.954959001130192,3295.867080998505,1402.3235920425889
1781711591,100,,Aggregated,80.200000,0.000000,24,32,39,44,66,110,350,680,2100,3000,3300,35776,0,24,51.18728628843328,8.954959001130192,3295.867080998505,1402.3093414579607
1781711592,100,,Aggregated,84.200000,0.000000,24,32,39,44,66,110,350,670,2100,3000,3300,35875,0,24,51.11882513937219,8.954959001130192,3295.867080998505,1402.3120557491288
1781711593,100,,Aggregated,83.200000,0.000000,24,32,39,44,66,110,350,670,2100,3000,3300,35960,0,24,51.05185148222973,8.954959001130192,3295.867080998505,1402.2033926585095
1781711594,100,,Aggregated,85.900000,0.000000,24,32,39,44,66,110,350,670,2100,3000,3300,36060,0,24,51.031061877647765,8.954959001130192,3295.867080998505,1402.192872989462
1781711595,100,,Aggregated,87.800000,0.000000,24,32,39,44,66,110,350,670,2100,3000,3300,36147,0,24,50.96081357426545,8.954959001130192,3295.867080998505,1401.7742551249066
1781711596,100,,Aggregated,90.300000,0.000000,24,32,39,44,66,110,350,670,2100,3000,3300,36242,0,24,50.88786936521069,8.954959001130192,3295.867080998505,1401.2069974063243
1781711597,100,,Aggregated,90.500000,0.000000,24,32,39,44,66,110,350,670,2100,3000,3300,36320,0,24,50.84162728113941,8.954959001130192,3295.867080998505,1401.717593612335
1781711598,100,,Aggregated,90.900000,0.000000,24,32,39,44,66,110,350,670,2100,3000,3300,36412,0,24,50.783528245852665,8.954959001130192,3295.867080998505,1401.9402669449632
1781711599,100,,Aggregated,90.400000,0.000000,24,32,38,44,65,110,350,660,2100,3000,3300,36515,0,24,50.714596858304326,8.954959001130192,3295.867080998505,1401.4154730932494
1781711600,100,,Aggregated,90.100000,0.000000,24,32,38,44,65,110,350,660,2100,3000,3300,36604,0,24,50.6579597442624,8.954959001130192,3295.867080998505,1401.1607747787127
1781711601,100,,Aggregated,92.300000,0.000000,24,32,38,44,65,110,350,660,2100,3000,3300,36706,0,24,50.58225963719743,8.954959001130192,3295.867080998505,1400.5880509998365
1781711602,100,,Aggregated,90.000000,0.000000,24,32,38,44,65,110,350,660,2100,3000,3300,36786,0,24,50.530398484014945,8.954959001130192,3295.867080998505,1401.2464524547381
1781711603,100,,Aggregated,90.200000,0.000000,24,32,38,44,65,110,350,660,2100,3000,3300,36877,0,24,50.46580499899583,8.954959001130192,3295.867080998505,1401.6742413970767
1781711604,100,,Aggregated,90.300000,0.000000,24,32,38,44,65,110,350,660,2100,3000,3300,36973,0,24,50.42445907692009,8.954959001130192,3295.867080998505,1401.6835799096639
1781711605,100,,Aggregated,90.700000,0.000000,24,32,38,44,65,110,340,650,2100,3000,3300,37065,0,24,50.36647441289558,8.954959001130192,3295.867080998505,1401.3373802778901
1781711606,100,,Aggregated,91.700000,0.000000,24,32,38,44,65,110,350,650,2100,3000,3300,37150,0,24,50.33847319222004,8.954959001130192,3295.867080998505,1401.5442799461641
1781711607,100,,Aggregated,90.400000,0.000000,23,32,38,44,65,110,340,650,2100,3000,3300,37252,0,23,50.2586453101035,8.954959001130192,3295.867080998505,1401.6864060990015
1781711608,100,,Aggregated,90.900000,0.000000,23,32,38,44,65,110,340,650,2100,3000,3300,37329,0,23,50.211601320741764,8.954959001130192,3295.867080998505,1402.0999491012349
1781711609,100,,Aggregated,91.600000,0.000000,24,32,38,44,65,110,340,650,2100,3000,3300,37430,0,23,50.19339771693745,8.954959001130192,3295.867080998505,1402.1500667913438
1781711610,100,,Aggregated,90.900000,0.000000,24,32,38,44,65,110,340,650,2100,3000,3300,37527,0,24,50.146875990086315,8.954959001130192,3295.867080998505,1401.8080049031364
1781711611,100,,Aggregated,90.900000,0.000000,23,32,38,44,65,110,340,650,2100,3000,3300,37617,0,23,50.08238494398724,8.954959001130192,3295.867080998505,1401.8982109152776
1781711612,100,,Aggregated,90.500000,0.000000,23,32,38,44,65,110,340,650,2100,3000,3300,37698,0,23,50.02191418117581,8.954959001130192,3295.867080998505,1402.215502148655
1781711613,100,,Aggregated,92.000000,0.000000,23,32,38,43,65,110,330,650,2100,3000,3300,37807,0,23,49.94453743050108,8.954959001130192,3295.867080998505,1401.3244901737773
1781711614,100,,Aggregated,91.100000,0.000000,23,32,38,43,65,110,330,650,2100,3000,3300,37891,0,23,49.88460220096983,8.954959001130192,3295.867080998505,1402.0588530257844
1781711615,100,,Aggregated,90.100000,0.000000,23,32,38,43,65,110,330,650,2100,3000,3300,37984,0,23,49.81323251489943,8.954959001130192,3295.867080998505,1402.0329875737152
1781711616,100,,Aggregated,90.700000,0.000000,23,32,38,43,64,110,330,650,2100,3000,3300,38084,0,23,49.730394054824316,8.954959001130192,3295.867080998505,1402.9229860308792
1781711617,100,,Aggregated,90.200000,0.000000,23,32,38,43,64,110,330,640,2100,3000,3300,38169,0,23,49.67157119313928,8.954959001130192,3295.867080998505,1402.3251329613038
1781711618,100,,Aggregated,90.600000,0.000000,23,32,38,43,64,110,330,640,2100,3000,3300,38257,0,23,49.639838496404586,8.954959001130192,3295.867080998505,1402.1602582533915
1781711619,100,,Aggregated,90.500000,0.000000,23,32,38,43,64,110,330,640,2100,3000,3300,38350,0,23,49.56423883071586,8.954959001130192,3295.867080998505,1402.2016166883964
1781711620,100,,Aggregated,91.400000,0.000000,23,32,38,43,64,110,330,640,2100,3000,3300,38441,0,23,49.50299459009794,8.954959001130192,3295.867080998505,1401.6220441715877
1781711621,100,,Aggregated,90.100000,0.000000,23,32,38,43,64,110,330,640,2100,3000,3300,38533,0,23,49.42664677292034,8.954959001130192,3295.867080998505,1402.4587236913815
1781711622,100,,Aggregated,90.500000,0.000000,23,32,38,43,64,110,330,640,2100,3000,3300,38625,0,23,49.36580519968783,8.954959001130192,3295.867080998505,1402.4584854368932
1781711623,100,,Aggregated,90.400000,0.000000,23,32,38,43,64,110,330,630,2100,3000,3300,38715,0,23,49.298407373600604,8.954959001130192,3295.867080998505,1402.7526023505102
1781711624,100,,Aggregated,90.000000,0.000000,23,32,38,43,64,110,330,630,2100,3000,3300,38814,0,23,49.23878063103364,8.954959001130192,3295.867080998505,1402.359097232957
1781711625,100,,Aggregated,91.500000,0.000000,23,32,38,43,64,110,330,630,2100,3000,3300,38910,0,23,49.18113105121928,8.954959001130192,3295.867080998505,1402.3030326394244
1781711626,100,,Aggregated,90.100000,0.000000,23,32,38,43,64,110,330,630,2100,3000,3300,38996,0,23,49.12458551430788,8.954959001130192,3295.867080998505,1402.0141552979792
1781711627,100,,Aggregated,91.100000,0.000000,23,32,38,43,64,100,320,630,2100,3000,3300,39093,0,23,49.07720215000012,8.954959001130192,3295.867080998505,1401.9123116670503
1781711628,100,,Aggregated,90.900000,0.000000,23,32,38,43,64,100,320,630,2100,3000,3300,39175,0,23,49.0374326722643,8.954959001130192,3295.867080998505,1402.2115379706445
1781711629,100,,Aggregated,90.900000,0.000000,23,32,38,43,64,100,320,630,2100,3000,3300,39266,0,23,48.97147678658244,8.954959001130192,3295.867080998505,1402.3118219324606
1781711630,100,,Aggregated,90.700000,0.000000,23,32,38,43,64,100,320,630,2100,3000,3300,39351,0,23,48.92509406955183,8.954959001130192,3295.867080998505,1402.09715127951
1781711631,100,,Aggregated,90.200000,0.000000,23,32,38,43,63,100,320,630,2100,3000,3300,39448,0,23,48.86517342149009,8.954959001130192,3295.867080998505,1402.2327874670452
1781711632,100,,Aggregated,90.400000,0.000000,23,32,38,43,63,100,320,630,2100,3000,3300,39533,0,23,48.810538012190676,8.954959001130192,3295.867080998505,1402.5584448435484
1781711633,100,,Aggregated,89.700000,0.000000,23,32,38,43,63,100,320,620,2100,3000,3300,39643,0,23,48.7741660793063,8.954959001130192,3295.867080998505,1402.0096360013117
1781711634,100,,Aggregated,90.300000,0.000000,23,32,38,43,63,100,310,620,2100,3000,3300,39724,0,23,48.71903687521264,8.954959001130192,3295.867080998505,1402.3613432685531
1781711635,100,,Aggregated,89.300000,0.000000,23,31,38,43,63,100,310,620,2100,3000,3300,39826,0,23,48.65317624451251,8.954959001130192,3295.867080998505,1402.0309345653593
1781711637,100,,Aggregated,91.400000,0.000000,23,31,38,43,63,100,310,620,2100,3000,3300,39913,0,23,48.597456687920136,8.954959001130192,3295.867080998505,1401.7110966351815
1781711638,100,,Aggregated,90.500000,0.000000,23,31,38,43,63,100,310,620,2100,2900,3300,40002,0,23,48.54220387295529,8.954959001130192,3295.867080998505,1402.171591420429
1781711639,100,,Aggregated,90.600000,0.000000,23,31,38,43,63,100,310,620,2100,2900,3300,40112,0,23,48.4933706353698,8.954959001130192,3295.867080998505,1401.3988581970482
1781711640,100,,Aggregated,90.300000,0.000000,23,31,38,43,63,100,310,620,2100,2900,3300,40180,0,23,48.44099060599679,8.954959001130192,3295.867080998505,1401.5558486809357
1781711641,100,,Aggregated,92.900000,0.000000,23,31,38,43,63,100,310,620,2100,2900,3300,40294,0,23,48.39564793214739,8.954959001130192,3295.867080998505,1401.0969623268973
1781711642,100,,Aggregated,91.100000,0.000000,23,31,38,43,63,100,310,620,2100,2900,3300,40390,0,23,48.3504629306996,8.954959001130192,3295.867080998505,1401.713369645952
1781711643,100,,Aggregated,92.800000,0.000000,23,31,38,43,63,100,310,610,2100,2900,3300,40474,0,23,48.305801841823076,8.954959001130192,3295.867080998505,1401.4187873696694
1781711644,100,,Aggregated,93.300000,0.000000,23,31,38,43,63,100,310,610,2100,2900,3300,40563,0,23,48.24403074419906,8.954959001130192,3295.867080998505,1401.3922293715948
1781711645,100,,Aggregated,93.000000,0.000000,23,31,38,43,63,100,310,610,2100,2900,3300,40673,0,23,48.18427754751146,8.954959001130192,3295.867080998505,1401.4099525483737
1781711646,100,,Aggregated,91.600000,0.000000,23,31,38,43,63,100,310,610,2100,2900,3300,40774,0,23,48.124285304383406,8.954959001130192,3295.867080998505,1401.7946730759797
1781711647,100,,Aggregated,93.800000,0.000000,23,31,38,43,63,100,310,610,2100,2900,3300,40864,0,23,48.06577333075419,8.954959001130192,3295.867080998505,1402.2985268206735
1781711648,100,,Aggregated,93.000000,0.000000,23,31,38,43,63,100,300,610,2100,2900,3300,40962,0,23,48.01382996501486,8.954959001130192,3295.867080998505,1402.6215760949171
1781711649,100,,Aggregated,94.000000,0.000000,23,31,38,43,62,100,300,610,2100,2900,3300,41056,0,23,47.970070371247466,8.954959001130192,3295.867080998505,1402.0589195245518
1781711650,100,,Aggregated,94.400000,0.000000,23,31,38,43,62,100,300,610,2100,2900,3300,41145,0,23,47.918076669168435,8.954959001130192,3295.867080998505,1401.9814558269534
1781711651,100,,Aggregated,93.800000,0.000000,23,31,38,43,62,100,300,600,2100,2900,3300,41246,0,23,47.85942046239472,8.954959001130192,3295.867080998505,1401.5065460893177
1781711652,100,,Aggregated,95.200000,0.000000,23,31,38,43,63,100,300,600,2100,2900,3300,41331,0,23,47.92831523480986,8.954959001130192,3295.867080998505,1401.9370206382619
1781711653,100,,Aggregated,94.600000,0.000000,23,31,38,43,63,100,300,600,2100,2900,3300,41425,0,23,47.88985306020332,8.954959001130192,3295.867080998505,1401.7756668678335
1781711654,100,,Aggregated,92.800000,0.000000,23,31,38,43,63,100,300,600,2100,2900,3300,41529,0,23,47.82602302024889,8.954959001130192,3295.867080998505,1401.7640444027065
1781711655,100,,Aggregated,93.600000,0.000000,23,31,38,43,62,100,300,600,2100,2900,3300,41599,0,23,47.77585320485876,8.954959001130192,3295.867080998505,1401.917906680449
1781711656,100,,Aggregated,94.900000,0.000000,23,31,38,43,62,100,300,600,2100,2900,3300,41705,0,23,47.71828501112403,8.954959001130192,3295.867080998505,1401.250737321664
1781711657,100,,Aggregated,91.900000,0.000000,23,31,38,43,62,100,300,600,2100,2900,3300,41799,0,23,47.65424995128857,8.954959001130192,3295.867080998505,1401.7653293140984
1781711658,100,,Aggregated,93.700000,0.000000,23,31,38,43,62,100,300,590,2100,2900,3300,41877,0,23,47.6135900892833,8.954959001130192,3295.867080998505,1401.8574157652172
1781711659,100,,Aggregated,92.600000,0.000000,23,31,38,43,62,100,290,590,2100,2900,3300,41975,0,23,47.56887700333337,8.954959001130192,3295.867080998505,1401.9120905300774
1781711660,100,,Aggregated,91.600000,0.000000,23,31,38,43,62,100,290,590,2100,2900,3300,42067,0,23,47.513085909713695,8.954959001130192,3295.867080998505,1402.0930182803622
1781711661,100,,Aggregated,91.100000,0.000000,23,31,37,42,62,100,290,590,2100,2900,3300,42160,0,23,47.452933552322776,8.954959001130192,3295.867080998505,1401.7360294117648
1781711662,100,,Aggregated,91.100000,0.000000,23,31,37,42,62,100,290,590,2100,2900,3300,42266,0,23,47.39520597496645,8.954959001130192,3295.867080998505,1401.6681966592532
1781711663,100,,Aggregated,90.100000,0.000000,23,31,37,42,62,100,290,590,2100,2900,3300,42338,0,23,47.3624016443134,8.954959001130192,3295.867080998505,1401.3625584581227
1781711664,100,,Aggregated,92.500000,0.000000,23,31,37,42,62,100,290,590,2100,2900,3300,42447,0,23,47.301309159538974,8.954959001130192,3295.867080998505,1400.9711875986525
1781711665,100,,Aggregated,91.600000,0.000000,23,31,37,42,62,100,290,590,2100,2900,3300,42533,0,23,47.24808606860428,8.954959001130192,3295.867080998505,1401.1270542872594
1781711666,100,,Aggregated,90.600000,0.000000,23,31,37,42,62,100,290,590,2100,2900,3300,42637,0,23,47.18626653014872,8.954959001130192,3295.867080998505,1400.9564228252457
1781711667,100,,Aggregated,92.500000,0.000000,23,31,37,42,62,99,290,590,2100,2900,3300,42714,0,23,47.13868990895137,8.954959001130192,3295.867080998505,1400.9396216697103
1781711668,100,,Aggregated,90.600000,0.000000,23,31,37,42,62,99,290,590,2100,2900,3300,42820,0,23,47.101992978910516,8.954959001130192,3295.867080998505,1400.7071461933676
1781711669,100,,Aggregated,90.600000,0.000000,23,31,37,42,62,99,280,580,2100,2900,3300,42920,0,23,47.05096145971464,8.954959001130192,3295.867080998505,1400.271365330848
1781711670,100,,Aggregated,91.900000,0.000000,23,31,37,42,62,99,280,580,2100,2900,3300,43005,0,23,47.00487323292531,8.954959001130192,3295.867080998505,1400.5206138821068
1781711671,100,,Aggregated,92.400000,0.000000,23,31,37,42,61,99,280,580,2100,2900,3300,43099,0,23,46.94963518241614,8.954959001130192,3295.867080998505,1400.7773266201073
1781711672,100,,Aggregated,93.100000,0.000000,23,31,37,42,61,99,280,580,2100,2900,3300,43190,0,23,46.90161284426848,8.954959001130192,3295.867080998505,1400.8732113915257
1781711673,100,,Aggregated,92.700000,0.000000,23,31,37,42,61,99,280,580,2100,2900,3300,43296,0,23,46.85176436393589,8.954959001130192,3295.867080998505,1400.65588045085
1781711674,100,,Aggregated,91.700000,0.000000,23,31,37,42,61,98,280,580,2100,2900,3300,43381,0,23,46.795112110439625,8.954959001130192,3295.867080998505,1400.813651137595
1781711675,100,,Aggregated,93.500000,0.000000,23,31,37,42,61,98,280,570,2100,2900,3300,43472,0,23,46.73781064733572,8.954959001130192,3295.867080998505,1400.78259569378
1781711676,100,,Aggregated,92.900000,0.000000,23,31,37,42,61,98,280,570,2100,2900,3300,43576,0,23,46.68609615774698,8.954959001130192,3295.867080998505,1400.2771479713604
1781711677,100,,Aggregated,92.400000,0.000000,23,31,37,42,61,98,280,570,2100,2900,3300,43654,0,23,46.63516294057761,8.954959001130192,3295.867080998505,1400.6520135611856
1781711678,100,,Aggregated,92.700000,0.000000,23,31,37,42,61,98,280,570,2100,2900,3300,43739,0,23,46.594635924185944,8.954959001130192,3295.867080998505,1400.7115160383182
1781711679,100,,Aggregated,92.900000,0.000000,23,31,37,42,61,97,280,570,2100,2900,3300,43846,0,23,46.53937199051142,8.954959001130192,3295.867080998505,1400.4486384162751
1781711680,100,,Aggregated,91.700000,0.000000,23,31,37,42,61,97,280,570,2100,2900,3300,43931,0,23,46.49835728066633,8.954959001130192,3295.867080998505,1400.4596298741208
1781711681,100,,Aggregated,91.300000,0.000000,23,31,37,42,61,97,280,570,2100,2900,3300,44023,0,23,46.44249221686279,8.954959001130192,3295.867080998505,1400.3998591645277
1781711682,100,,Aggregated,91.000000,0.000000,23,31,37,42,61,97,280,570,2100,2900,3300,44114,0,23,46.39380963888902,8.954959001130192,3295.867080998505,1400.6961735503469
1781711683,100,,Aggregated,92.100000,0.000000,23,31,37,42,61,97,270,570,2100,2900,3300,44210,0,23,46.35616993252515,8.954959001130192,3295.867080998505,1400.6139108798914
1781711684,100,,Aggregated,91.400000,0.000000,23,31,37,42,61,97,270,570,2100,2900,3300,44298,0,23,46.304268389857896,8.954959001130192,3295.867080998505,1401.1018330398663
1781711685,100,,Aggregated,90.900000,0.000000,23,31,37,42,61,97,270,570,2100,2900,3300,44395,0,23,46.25523758294669,8.954959001130192,3295.867080998505,1401.112197319518
1781711686,100,,Aggregated,91.300000,0.000000,23,31,37,42,61,97,270,570,2100,2900,3300,44479,0,23,46.20636165608332,8.954959001130192,3295.867080998505,1401.1914611389645
1781711687,100,,Aggregated,91.600000,0.000000,23,31,37,42,60,96,270,570,2100,2900,3300,44578,0,23,46.145802929515376,8.954959001130192,3295.867080998505,1401.2450311813002
1781711688,100,,Aggregated,91.400000,0.000000,23,31,37,42,60,96,270,570,2100,2900,3300,44680,0,23,46.11717385436305,8.954959001130192,3295.867080998505,1401.2098701880036
1781711689,100,,Aggregated,90.900000,0.000000,23,31,37,42,60,96,270,570,2100,2900,3300,44754,0,23,46.072464182060685,8.954959001130192,3295.867080998505,1401.3283281941278
1781711690,100,,Aggregated,91.800000,0.000000,23,31,37,42,60,96,270,560,2100,2900,3300,44856,0,23,46.03390429442984,8.954959001130192,3295.867080998505,1401.0840244337435
1781711691,100,,Aggregated,90.900000,0.000000,23,31,37,42,60,96,270,560,2100,2900,3300,44938,0,23,45.97921125948956,8.954959001130192,3295.867080998505,1401.4102986336732
1781711692,100,,Aggregated,90.900000,0.000000,23,31,37,42,60,96,260,560,2100,2900,3300,45036,0,23,45.95312252329123,8.954959001130192,3295.867080998505,1401.5092370548007
1781711693,100,,Aggregated,90.900000,0.000000,23,31,37,42,60,95,260,560,2100,2900,3300,45127,0,23,45.89870994903151,8.954959001130192,3295.867080998505,1401.7681875595542
1781711694,100,,Aggregated,90.100000,0.000000,23,31,37,42,60,95,260,560,2100,2900,3300,45212,0,23,45.84602380301568,8.954959001130192,3295.867080998505,1401.6149252410864
1781711695,100,,Aggregated,90.000000,0.000000,23,31,37,42,60,95,260,550,2100,2900,3300,45308,0,23,45.79347298176798,8.954959001130192,3295.867080998505,1401.2742782731527
1781711696,100,,Aggregated,90.500000,0.000000,23,31,37,42,60,95,260,550,2100,2900,3300,45408,0,23,45.737049052103956,8.954959001130192,3295.867080998505,1401.0954897815363
1781711697,100,,Aggregated,89.500000,0.000000,23,31,37,42,60,95,260,550,2100,2900,3300,45500,0,23,45.6833673854053,8.954959001130192,3295.867080998505,1400.8272087912087
1781711698,100,,Aggregated,90.200000,0.000000,23,31,37,42,60,95,260,550,2100,2900,3300,45604,0,23,45.64382414132416,8.954959001130192,3295.867080998505,1400.8225594246119
1781711699,100,,Aggregated,91.400000,0.000000,23,31,37,41,60,95,260,550,2100,2900,3300,45702,0,23,45.60349104820227,8.954959001130192,3295.867080998505,1401.017942321999
1781711700,100,,Aggregated,91.500000,0.000000,23,31,37,41,60,94,260,550,2100,2900,3300,45785,0,23,45.556246576541426,8.954959001130192,3295.867080998505,1401.3434530959921
1781711701,100,,Aggregated,92.500000,0.000000,23,31,37,41,60,94,260,550,2100,2900,3300,45882,0,23,45.514973666425774,8.954959001130192,3295.867080998505,1401.1658820452465
1781711702,100,,Aggregated,93.300000,0.000000,23,31,37,41,60,94,260,550,2100,2900,3300,45968,0,23,45.4812437812597,8.954959001130192,3295.867080998505,1401.7996214758093
1781711703,100,,Aggregated,92.100000,0.000000,23,31,37,41,60,94,260,550,2100,2900,3300,46072,0,23,45.42770458030775,8.954959001130192,3295.867080998505,1401.8004427852059
1781711704,100,,Aggregated,93.400000,0.000000,23,31,37,41,60,94,260,550,2100,2900,3300,46159,0,23,45.37271666231781,8.954959001130192,3295.867080998505,1402.6053640676791
1781711705,100,,Aggregated,93.700000,0.000000,23,31,37,41,60,94,260,550,2100,2900,3300,46254,0,23,45.319410285768456,8.954959001130192,3295.867080998505,1402.6827517620097
1781711706,100,,Aggregated,92.400000,0.000000,23,31,37,41,60,93,250,550,2100,2900,3300,46355,0,23,45.264673363648605,8.954959001130192,3295.867080998505,1402.5038722899365
1781711707,100,,Aggregated,93.300000,0.000000,23,31,37,41,59,93,250,550,2100,2900,3300,46443,0,23,45.22228555545349,8.954959001130192,3295.867080998505,1402.370820145124
1781711708,100,,Aggregated,93.900000,0.000000,23,31,37,41,59,93,250,550,2100,2900,3300,46547,0,23,45.18931549334926,8.954959001130192,3295.867080998505,1402.329366017144
1781711709,100,,Aggregated,93.500000,0.000000,23,31,37,41,59,93,250,540,2100,2900,3300,46637,0,23,45.13603745566661,8.954959001130192,3295.867080998505,1402.5835066578038
1781711710,100,,Aggregated,93.400000,0.000000,22,30,37,41,59,93,250,540,2100,2900,3300,46709,0,22,45.09759301027489,8.954959001130192,3295.867080998505,1402.812798390032
1781711711,100,,Aggregated,93.100000,0.000000,22,30,37,41,59,93,250,540,2100,2900,3300,46812,0,22,45.04738256692577,8.954959001130192,3295.867080998505,1402.629283089806
1781711712,100,,Aggregated,92.600000,0.000000,22,30,37,41,59,93,250,540,2100,2900,3300,46901,0,22,45.00882627566424,8.954959001130192,3295.867080998505,1402.3908658663995
1781711713,100,,Aggregated,91.200000,0.000000,22,30,36,41,59,93,250,540,2100,2900,3300,46987,0,22,44.97223315055071,8.954959001130192,3295.867080998505,1402.4355885670504
1781711714,100,,Aggregated,91.600000,0.000000,22,30,36,41,59,92,250,530,2100,2900,3300,47077,0,22,44.92191663468231,8.954959001130192,3295.867080998505,1402.1649425409435
1781711715,100,,Aggregated,91.600000,0.000000,22,30,36,41,59,92,250,530,2100,2900,3300,47169,0,22,44.8685511541043,8.954959001130192,3295.867080998505,1402.067607962857
1781711716,100,,Aggregated,91.500000,0.000000,22,30,36,41,59,92,250,530,2100,2900,3300,47260,0,22,44.82166267837373,8.954959001130192,3295.867080998505,1402.1245662293695
1781711717,100,,Aggregated,91.200000,0.000000,22,30,36,41,59,92,250,530,2100,2900,3300,47341,0,22,44.77909051764753,8.954959001130192,3295.867080998505,1402.2944171014553
1781711718,100,,Aggregated,89.400000,0.000000,22,30,36,41,59,92,250,530,2100,2900,3300,47438,0,22,44.73748307934494,8.954959001130192,3295.867080998505,1402.4553522492517
1781711719,100,,Aggregated,89.300000,0.000000,22,30,36,41,59,92,250,530,2100,2900,3300,47513,0,22,44.69581786071122,8.954959001130192,3295.867080998505,1402.6537158251426
1781711720,100,,Aggregated,88.200000,0.000000,22,30,36,41,59,92,250,530,2100,2900,3300,47624,0,22,44.66437846426145,8.954959001130192,3295.867080998505,1402.081639509491
1781711721,100,,Aggregated,88.400000,0.000000,22,30,36,41,59,92,240,530,2100,2900,3300,47725,0,22,44.617168453808155,8.954959001130192,3295.867080998505,1402.204064955474
1781711722,100,,Aggregated,86.300000,0.000000,22,30,36,41,59,92,240,530,2100,2900,3300,47822,0,22,44.62481803293461,8.954959001130192,3295.867080998505,1402.0770984065912
1781711724,100,,Aggregated,90.600000,0.000000,22,30,36,41,59,92,240,530,2100,2900,3300,47911,0,22,44.58451944104703,8.954959001130192,3295.867080998505,1402.41307841623
1781711725,100,,Aggregated,90.700000,0.000000,22,30,36,41,59,91,240,530,2100,2900,3300,48001,0,22,44.54676819751684,8.954959001130192,3295.867080998505,1402.6528822316202
1781711726,100,,Aggregated,90.800000,0.000000,22,30,36,41,59,91,240,530,2100,2900,3300,48093,0,22,44.50518510107502,8.954959001130192,3295.867080998505,1402.6042875262513
1781711727,100,,Aggregated,91.100000,0.000000,22,30,36,41,59,91,240,530,2100,2900,3300,48187,0,22,44.454727126133704,8.954959001130192,3295.867080998505,1402.1623881959865
1781711728,100,,Aggregated,91.600000,0.000000,22,30,36,41,59,91,240,520,2100,2900,3300,48277,0,22,44.41802616233407,8.954959001130192,3295.867080998505,1402.1206164426123
1781711729,100,,Aggregated,91.700000,0.000000,22,30,36,41,59,91,240,520,2100,2900,3300,48370,0,22,44.38885983957003,8.954959001130192,3295.867080998505,1402.439466611536
1781711730,100,,Aggregated,92.500000,0.000000,22,30,36,41,59,91,240,520,2100,2900,3300,48469,0,22,44.35210104877349,8.954959001130192,3295.867080998505,1402.4911799294393
1781711731,100,,Aggregated,92.000000,0.000000,22,30,36,41,59,91,240,520,2100,2900,3300,48550,0,22,44.32008563697232,8.954959001130192,3295.867080998505,1402.0880329557158
1781711732,100,,Aggregated,94.900000,0.000000,22,30,36,41,59,91,240,520,2100,2900,3300,48642,0,22,44.284035387586734,8.954959001130192,3295.867080998505,1402.2069610624562
1781711733,100,,Aggregated,91.900000,0.000000,22,30,36,41,59,91,240,520,2100,2900,3300,48745,0,22,44.266867852579516,8.954959001130192,3295.867080998505,1401.7359113755258
1781711734,100,,Aggregated,90.700000,0.000000,22,30,36,41,59,91,240,520,2100,2900,3300,48835,0,22,44.22405706224988,8.954959001130192,3295.867080998505,1401.582287293949
1781711735,100,,Aggregated,90.700000,0.000000,22,30,36,41,58,91,240,520,2100,2900,3300,48928,0,22,44.17992619455051,8.954959001130192,3295.867080998505,1401.6768721386527
1781711736,100,,Aggregated,91.100000,0.000000,22,30,36,41,58,91,240,520,2100,2900,3300,49019,0,22,44.13250343750317,8.954959001130192,3295.867080998505,1401.7076031742793
1781711737,100,,Aggregated,90.400000,0.000000,22,30,36,41,58,91,240,520,2100,2900,3300,49119,0,22,44.086598170503684,8.954959001130192,3295.867080998505,1401.5586229361347
1781711738,100,,Aggregated,91.600000,0.000000,22,30,36,41,58,90,240,520,2100,2900,3300,49203,0,22,44.055733446232416,8.954959001130192,3295.867080998505,1401.6309981098714
1781711739,100,,Aggregated,92.100000,0.000000,22,30,36,41,58,90,240,520,2100,2900,3300,49295,0,22,44.021335043715816,8.954959001130192,3295.867080998505,1401.5603610913886
1781711740,100,,Aggregated,91.800000,0.000000,22,30,36,41,58,90,240,520,2100,2900,3300,49383,0,22,43.984774434339265,8.954959001130192,3295.867080998505,1401.4609885993154
1781711741,100,,Aggregated,91.600000,0.000000,22,30,36,41,58,90,240,520,2100,2900,3300,49472,0,22,43.94128807058488,8.954959001130192,3295.867080998505,1401.378759702458
1781711742,100,,Aggregated,90.000000,0.000000,22,30,36,41,58,90,230,520,2100,2900,3300,49564,0,22,43.894310775340315,8.954959001130192,3295.867080998505,1401.2623880235656
1781711743,100,,Aggregated,91.000000,0.000000,22,30,36,41,58,90,230,520,2100,2900,3300,49660,0,22,43.852492870136174,8.954959001130192,3295.867080998505,1401.3821788159485
1781711744,100,,Aggregated,91.200000,0.000000,22,30,36,41,58,90,230,510,2100,2900,3300,49752,0,22,43.80474300403894,8.954959001130192,3295.867080998505,1401.604216915903
1781711745,100,,Aggregated,90.600000,0.000000,22,30,36,41,58,89,230,510,2100,2900,3300,49839,0,22,43.7688239970494,8.954959001130192,3295.867080998505,1401.3716767992937
1781711746,100,,Aggregated,90.700000,0.000000,22,30,36,41,58,89,230,510,2100,2900,3300,49932,0,22,43.72905827325047,8.954959001130192,3295.867080998505,1401.5215292798205
1781711747,100,,Aggregated,91.300000,0.000000,22,30,36,41,58,89,230,510,2100,2900,3300,50023,0,22,43.695491206863636,8.954959001130192,3295.867080998505,1401.2749135397717
1781711748,100,,Aggregated,91.100000,0.000000,22,30,36,41,58,89,230,510,2100,2900,3300,50112,0,22,43.67645322736942,8.954959001130192,3295.867080998505,1400.7696759259259
1781711749,100,,Aggregated,88.900000,0.000000,22,30,36,41,58,89,230,510,2100,2900,3300,50207,0,22,43.75523355930333,8.954959001130192,3295.867080998505,1400.4459935865516
1781711750,100,,Aggregated,89.700000,0.000000,22,30,36,41,58,89,230,510,2100,2900,3300,50303,0,22,43.72564495560781,8.954959001130192,3295.867080998505,1400.4059400035783
1781711751,100,,Aggregated,90.300000,0.000000,22,30,36,41,58,89,230,510,2100,2900,3300,50392,0,22,43.68988284150132,8.954959001130192,3295.867080998505,1400.155302428957
1781711752,100,,Aggregated,90.000000,0.000000,22,30,36,41,58,89,230,510,2100,2900,3300,50481,0,22,43.64989925042974,8.954959001130192,3295.867080998505,1399.8809849250213
1781711753,100,,Aggregated,91.000000,0.000000,22,30,36,41,58,88,230,510,2100,2900,3300,50577,0,22,43.60913458253612,8.954959001130192,3295.867080998505,1400.468889020701
1781711754,100,,Aggregated,90.300000,0.000000,22,30,36,41,58,88,230,510,2100,2900,3300,50665,0,22,43.573553001321244,8.954959001130192,3295.867080998505,1400.2076581466495
1781711755,100,,Aggregated,90.700000,0.000000,22,30,36,40,58,88,230,510,2100,2900,3300,50746,0,22,43.53118364442398,8.954959001130192,3295.867080998505,1400.5859575138927
1781711756,100,,Aggregated,91.200000,0.000000,22,30,36,40,58,88,230,510,2100,2900,3300,50838,0,22,43.483721527871765,8.954959001130192,3295.867080998505,1400.7670443369134
1781711757,100,,Aggregated,89.800000,0.000000,22,30,36,40,57,88,230,500,2100,2900,3300,50937,0,22,43.43932686506783,8.954959001130192,3295.867080998505,1400.5059190765062
1781711758,100,,Aggregated,88.600000,0.000000,22,30,36,40,57,88,230,500,2100,2900,3300,51025,0,22,43.41099225007286,8.954959001130192,3295.867080998505,1400.5886918177364
1781711759,100,,Aggregated,90.000000,0.000000,22,30,36,40,57,88,230,500,2100,2900,3300,51104,0,22,43.37102681717607,8.954959001130192,3295.867080998505,1400.949103788353
1781711760,100,,Aggregated,90.600000,0.000000,22,30,36,40,57,88,220,500,2100,2900,3300,51202,0,22,43.333508184484366,8.954959001130192,3295.867080998505,1400.9441623374087
1781711761,100,,Aggregated,88.200000,0.000000,22,30,36,40,57,87,220,500,2100,2900,3300,51294,0,22,43.29156480966528,8.954959001130192,3295.867080998505,1401.0582134362694
1781711762,100,,Aggregated,90.000000,0.000000,22,30,36,40,57,87,220,500,2100,2900,3300,51387,0,22,43.25838517015915,8.954959001130192,3295.867080998505,1401.0818300348337
1781711763,100,,Aggregated,89.600000,0.000000,22,30,36,40,57,87,220,500,2100,2900,3300,51478,0,22,43.230957652375245,8.954959001130192,3295.867080998505,1400.739073002059
1781711764,100,,Aggregated,89.600000,0.000000,22,30,36,40,57,87,220,500,2100,2900,3300,51562,0,22,43.19797254794184,8.954959001130192,3295.867080998505,1401.1115744152671
1781711765,100,,Aggregated,89.700000,0.000000,22,30,36,40,57,87,220,500,2100,2900,3300,51659,0,22,43.17610881869528,8.954959001130192,3295.867080998505,1401.1344005884744
1781711766,100,,Aggregated,87.200000,0.000000,22,30,36,40,57,87,220,500,2100,2900,3300,51758,0,22,43.144049463928084,8.954959001130192,3295.867080998505,1401.211600139109
1781711767,100,,Aggregated,89.200000,0.000000,22,30,36,40,57,87,220,500,2100,2900,3300,51850,0,22,43.09845368331702,8.954959001130192,3295.867080998505,1401.3016972034716
1781711768,100,,Aggregated,89.600000,0.000000,22,30,36,40,57,87,220,500,2100,2900,3300,51932,0,22,43.06596036838541,8.954959001130192,3295.867080998505,1401.2848147577602
1781711769,100,,Aggregated,90.200000,0.000000,22,30,36,40,57,87,220,500,2100,2900,3300,52032,0,22,43.02658203422866,8.954959001130192,3295.867080998505,1401.2694303505534
1781711770,100,,Aggregated,89.000000,0.000000,22,30,36,40,57,87,220,500,2100,2900,3300,52135,0,22,43.003885668552506,8.954959001130192,3295.867080998505,1400.789910808478
1781711771,100,,Aggregated,91.100000,0.000000,22,30,36,40,57,87,220,500,2100,2900,3300,52213,0,22,42.96315847672035,8.954959001130192,3295.867080998505,1400.9315304617623
1781711772,100,,Aggregated,91.000000,0.000000,22,30,36,40,57,86,220,500,2100,2900,3300,52305,0,22,42.92592497640753,8.954959001130192,3295.867080998505,1400.5874581779944
1781711773,100,,Aggregated,89.700000,0.000000,22,30,36,40,57,86,220,500,2100,2900,3300,52399,0,22,42.882950061546794,8.954959001130192,3295.867080998505,1400.7746712723526
1781711774,100,,Aggregated,90.800000,0.000000,22,30,36,40,57,86,220,500,2100,2900,3300,52495,0,22,42.84237332073509,8.954959001130192,3295.867080998505,1400.8452995523382
1781711775,100,,Aggregated,90.700000,0.000000,22,30,36,40,57,86,220,500,2100,2900,3300,52587,0,22,42.80293829547225,8.954959001130192,3295.867080998505,1400.6043318690931
1781711776,100,,Aggregated,91.800000,0.000000,22,30,36,40,57,86,220,500,2100,2900,3300,52693,0,22,42.75773288882768,8.954959001130192,3295.867080998505,1400.4537414836886
1781711777,100,,Aggregated,92.200000,0.000000,22,30,36,40,57,86,220,500,2100,2900,3300,52787,0,22,42.71596686574341,8.954959001130192,3295.867080998505,1400.7024646219713
1781711778,100,,Aggregated,92.000000,0.000000,22,30,36,40,57,86,220,490,2100,2900,3300,52874,0,22,42.69447740613526,8.954959001130192,3295.867080998505,1400.8472216968642
